station_id,pct_full,run_ts
1,0.2051282051282051,2026-06-10 13:49:26.851562
5,0.0,2026-06-10 13:49:26.851562
6,0.0,2026-06-10 13:49:26.851562
8,0.1290322580645161,2026-06-10 13:49:26.851562
9,0.4347826086956521,2026-06-10 13:49:26.851562
10,0.0869565217391304,2026-06-10 13:49:26.851562
11,0.1481481481481481,2026-06-10 13:49:26.851562
12,0.074074074074074,2026-06-10 13:49:26.851562
14,0.0285714285714285,2026-06-10 13:49:26.851562
15,0.2608695652173913,2026-06-10 13:49:26.851562
16,0.0,2026-06-10 13:49:26.851562
17,0.0,2026-06-10 13:49:26.851562
18,0.0857142857142857,2026-06-10 13:49:26.851562
19,0.0526315789473684,2026-06-10 13:49:26.851562
20,0.0588235294117647,2026-06-10 13:49:26.851562
21,0.0,2026-06-10 13:49:26.851562
22,0.0,2026-06-10 13:49:26.851562
23,0.0285714285714285,2026-06-10 13:49:26.851562
24,0.0,2026-06-10 13:49:26.851562
25,0.0,2026-06-10 13:49:26.851562
26,0.1578947368421052,2026-06-10 13:49:26.851562
27,0.238095238095238,2026-06-10 13:49:26.851562
28,0.6363636363636364,2026-06-10 13:49:26.851562
29,0.0967741935483871,2026-06-10 13:49:26.851562
30,0.0526315789473684,2026-06-10 13:49:26.851562
31,0.0,2026-06-10 13:49:26.851562
32,0.2105263157894736,2026-06-10 13:49:26.851562
33,0.1481481481481481,2026-06-10 13:49:26.851562
34,0.0,2026-06-10 13:49:26.851562
35,0.064516129032258,2026-06-10 13:49:26.851562
36,0.2105263157894736,2026-06-10 13:49:26.851562
37,0.0,2026-06-10 13:49:26.851562
38,0.0,2026-06-10 13:49:26.851562
39,0.0526315789473684,2026-06-10 13:49:26.851562
40,0.032258064516129,2026-06-10 13:49:26.851562
41,0.0,2026-06-10 13:49:26.851562
42,0.1578947368421052,2026-06-10 13:49:26.851562
43,0.1578947368421052,2026-06-10 13:49:26.851562
44,0.0,2026-06-10 13:49:26.851562
45,0.2692307692307692,2026-06-10 13:49:26.851562
46,0.0,2026-06-10 13:49:26.851562
47,0.0434782608695652,2026-06-10 13:49:26.851562
48,0.0,2026-06-10 13:49:26.851562
49,0.0,2026-06-10 13:49:26.851562
50,0.0,2026-06-10 13:49:26.851562
51,0.0,2026-06-10 13:49:26.851562
52,0.2,2026-06-10 13:49:26.851562
53,0.0,2026-06-10 13:49:26.851562
55,0.0,2026-06-10 13:49:26.851562
56,0.0285714285714285,2026-06-10 13:49:26.851562
57,0.0,2026-06-10 13:49:26.851562
58,0.0,2026-06-10 13:49:26.851562
59,0.0,2026-06-10 13:49:26.851562
60,0.0,2026-06-10 13:49:26.851562
61,0.0571428571428571,2026-06-10 13:49:26.851562
62,0.0,2026-06-10 13:49:26.851562
63,0.0526315789473684,2026-06-10 13:49:26.851562
64,0.032258064516129,2026-06-10 13:49:26.851562
65,0.0967741935483871,2026-06-10 13:49:26.851562
66,0.0,2026-06-10 13:49:26.851562
67,0.0869565217391304,2026-06-10 13:49:26.851562
68,0.0434782608695652,2026-06-10 13:49:26.851562
69,0.3142857142857143,2026-06-10 13:49:26.851562
70,0.0,2026-06-10 13:49:26.851562
71,0.4,2026-06-10 13:49:26.851562
72,0.0,2026-06-10 13:49:26.851562
73,0.0,2026-06-10 13:49:26.851562
74,0.0666666666666666,2026-06-10 13:49:26.851562
75,0.0,2026-06-10 13:49:26.851562
76,0.037037037037037,2026-06-10 13:49:26.851562
77,0.0,2026-06-10 13:49:26.851562
78,0.1739130434782608,2026-06-10 13:49:26.851562
79,0.0857142857142857,2026-06-10 13:49:26.851562
80,0.5217391304347826,2026-06-10 13:49:26.851562
81,0.1052631578947368,2026-06-10 13:49:26.851562
82,0.1851851851851851,2026-06-10 13:49:26.851562
83,0.2857142857142857,2026-06-10 13:49:26.851562
84,0.0285714285714285,2026-06-10 13:49:26.851562
85,0.0666666666666666,2026-06-10 13:49:26.851562
86,0.0,2026-06-10 13:49:26.851562
87,0.0,2026-06-10 13:49:26.851562
88,0.5652173913043478,2026-06-10 13:49:26.851562
89,0.0,2026-06-10 13:49:26.851562
90,0.037037037037037,2026-06-10 13:49:26.851562
91,0.217391304347826,2026-06-10 13:49:26.851562
92,0.0666666666666666,2026-06-10 13:49:26.851562
93,0.2307692307692307,2026-06-10 13:49:26.851562
94,0.4074074074074074,2026-06-10 13:49:26.851562
95,0.025,2026-06-10 13:49:26.851562
96,0.2307692307692307,2026-06-10 13:49:26.851562
97,0.0222222222222222,2026-06-10 13:49:26.851562
98,0.0285714285714285,2026-06-10 13:49:26.851562
99,0.0869565217391304,2026-06-10 13:49:26.851562
100,0.0,2026-06-10 13:49:26.851562
101,0.0666666666666666,2026-06-10 13:49:26.851562
102,0.4814814814814814,2026-06-10 13:49:26.851562
103,0.1111111111111111,2026-06-10 13:49:26.851562
104,0.0677966101694915,2026-06-10 13:49:26.851562
105,0.032258064516129,2026-06-10 13:49:26.851562
106,0.0285714285714285,2026-06-10 13:49:26.851562
107,0.1142857142857142,2026-06-10 13:49:26.851562
108,0.6,2026-06-10 13:49:26.851562
109,0.7894736842105263,2026-06-10 13:49:26.851562
110,0.0434782608695652,2026-06-10 13:49:26.851562
111,0.2105263157894736,2026-06-10 13:49:26.851562
112,0.0666666666666666,2026-06-10 13:49:26.851562
113,0.0,2026-06-10 13:49:26.851562
114,0.4838709677419355,2026-06-10 13:49:26.851562
115,0.1333333333333333,2026-06-10 13:49:26.851562
116,0.0,2026-06-10 13:49:26.851562
117,0.037037037037037,2026-06-10 13:49:26.851562
118,0.0476190476190476,2026-06-10 13:49:26.851562
119,0.0967741935483871,2026-06-10 13:49:26.851562
120,0.6296296296296297,2026-06-10 13:49:26.851562
121,0.1739130434782608,2026-06-10 13:49:26.851562
122,0.0,2026-06-10 13:49:26.851562
123,0.391304347826087,2026-06-10 13:49:26.851562
124,0.1627906976744186,2026-06-10 13:49:26.851562
125,0.0,2026-06-10 13:49:26.851562
126,0.0,2026-06-10 13:49:26.851562
127,0.0,2026-06-10 13:49:26.851562
128,0.0,2026-06-10 13:49:26.851562
129,0.0571428571428571,2026-06-10 13:49:26.851562
130,0.0,2026-06-10 13:49:26.851562
131,0.7391304347826086,2026-06-10 13:49:26.851562
132,0.032258064516129,2026-06-10 13:49:26.851562
133,0.0,2026-06-10 13:49:26.851562
134,0.0142857142857142,2026-06-10 13:49:26.851562
135,0.1219512195121951,2026-06-10 13:49:26.851562
136,0.0,2026-06-10 13:49:26.851562
137,0.0,2026-06-10 13:49:26.851562
138,0.0,2026-06-10 13:49:26.851562
139,0.037037037037037,2026-06-10 13:49:26.851562
140,0.0,2026-06-10 13:49:26.851562
141,0.0,2026-06-10 13:49:26.851562
142,0.2608695652173913,2026-06-10 13:49:26.851562
143,0.1481481481481481,2026-06-10 13:49:26.851562
144,0.217391304347826,2026-06-10 13:49:26.851562
145,0.1290322580645161,2026-06-10 13:49:26.851562
146,0.1379310344827586,2026-06-10 13:49:26.851562
147,0.7368421052631579,2026-06-10 13:49:26.851562
148,0.925925925925926,2026-06-10 13:49:26.851562
149,0.037037037037037,2026-06-10 13:49:26.851562
150,0.7391304347826086,2026-06-10 13:49:26.851562
151,0.4444444444444444,2026-06-10 13:49:26.851562
152,0.0,2026-06-10 13:49:26.851562
153,0.7391304347826086,2026-06-10 13:49:26.851562
154,0.925925925925926,2026-06-10 13:49:26.851562
155,0.1851851851851851,2026-06-10 13:49:26.851562
156,0.2285714285714285,2026-06-10 13:49:26.851562
157,0.0526315789473684,2026-06-10 13:49:26.851562
158,0.8260869565217391,2026-06-10 13:49:26.851562
159,0.7407407407407407,2026-06-10 13:49:26.851562
160,0.8,2026-06-10 13:49:26.851562
161,0.9629629629629628,2026-06-10 13:49:26.851562
162,0.3043478260869565,2026-06-10 13:49:26.851562
163,0.6521739130434783,2026-06-10 13:49:26.851562
164,0.1020408163265306,2026-06-10 13:49:26.851562
165,0.4347826086956521,2026-06-10 13:49:26.851562
166,0.9032258064516128,2026-06-10 13:49:26.851562
167,0.4666666666666667,2026-06-10 13:49:26.851562
168,0.0,2026-06-10 13:49:26.851562
169,0.0967741935483871,2026-06-10 13:49:26.851562
170,0.1739130434782608,2026-06-10 13:49:26.851562
171,0.054054054054054,2026-06-10 13:49:26.851562
172,0.0,2026-06-10 13:49:26.851562
173,0.2857142857142857,2026-06-10 13:49:26.851562
174,0.4210526315789473,2026-06-10 13:49:26.851562
175,0.1290322580645161,2026-06-10 13:49:26.851562
176,0.5294117647058824,2026-06-10 13:49:26.851562
177,0.1304347826086956,2026-06-10 13:49:26.851562
178,0.037037037037037,2026-06-10 13:49:26.851562
179,0.032258064516129,2026-06-10 13:49:26.851562
180,0.5142857142857142,2026-06-10 13:49:26.851562
181,0.0,2026-06-10 13:49:26.851562
182,0.0526315789473684,2026-06-10 13:49:26.851562
183,0.3684210526315789,2026-06-10 13:49:26.851562
184,0.6666666666666666,2026-06-10 13:49:26.851562
185,0.0909090909090909,2026-06-10 13:49:26.851562
186,0.1481481481481481,2026-06-10 13:49:26.851562
187,0.0434782608695652,2026-06-10 13:49:26.851562
188,0.0476190476190476,2026-06-10 13:49:26.851562
189,0.3157894736842105,2026-06-10 13:49:26.851562
190,0.0434782608695652,2026-06-10 13:49:26.851562
191,0.6842105263157895,2026-06-10 13:49:26.851562
192,0.1304347826086956,2026-06-10 13:49:26.851562
193,0.1176470588235294,2026-06-10 13:49:26.851562
194,0.0,2026-06-10 13:49:26.851562
195,0.074074074074074,2026-06-10 13:49:26.851562
196,0.1851851851851851,2026-06-10 13:49:26.851562
197,0.0,2026-06-10 13:49:26.851562
198,0.2962962962962963,2026-06-10 13:49:26.851562
199,0.0,2026-06-10 13:49:26.851562
200,0.2962962962962963,2026-06-10 13:49:26.851562
201,0.1290322580645161,2026-06-10 13:49:26.851562
202,0.5333333333333333,2026-06-10 13:49:26.851562
203,0.4074074074074074,2026-06-10 13:49:26.851562
204,0.9629629629629628,2026-06-10 13:49:26.851562
205,0.2,2026-06-10 13:49:26.851562
206,0.4074074074074074,2026-06-10 13:49:26.851562
207,0.6774193548387096,2026-06-10 13:49:26.851562
208,0.0588235294117647,2026-06-10 13:49:26.851562
209,0.0,2026-06-10 13:49:26.851562
210,0.0,2026-06-10 13:49:26.851562
211,0.0,2026-06-10 13:49:26.851562
212,0.0,2026-06-10 13:49:26.851562
213,0.1578947368421052,2026-06-10 13:49:26.851562
214,0.2,2026-06-10 13:49:26.851562
215,0.0,2026-06-10 13:49:26.851562
216,0.0,2026-06-10 13:49:26.851562
217,0.0434782608695652,2026-06-10 13:49:26.851562
218,0.2105263157894736,2026-06-10 13:49:26.851562
219,0.1111111111111111,2026-06-10 13:49:26.851562
220,0.0869565217391304,2026-06-10 13:49:26.851562
221,0.0,2026-06-10 13:49:26.851562
222,0.0,2026-06-10 13:49:26.851562
223,0.0,2026-06-10 13:49:26.851562
224,0.8,2026-06-10 13:49:26.851562
225,0.032258064516129,2026-06-10 13:49:26.851562
226,0.0,2026-06-10 13:49:26.851562
227,0.3043478260869565,2026-06-10 13:49:26.851562
228,0.0909090909090909,2026-06-10 13:49:26.851562
229,0.0,2026-06-10 13:49:26.851562
230,0.8,2026-06-10 13:49:26.851562
231,0.0,2026-06-10 13:49:26.851562
232,0.032258064516129,2026-06-10 13:49:26.851562
233,0.4210526315789473,2026-06-10 13:49:26.851562
234,0.0303030303030303,2026-06-10 13:49:26.851562
235,0.3333333333333333,2026-06-10 13:49:26.851562
236,0.4242424242424242,2026-06-10 13:49:26.851562
237,0.0869565217391304,2026-06-10 13:49:26.851562
238,0.0344827586206896,2026-06-10 13:49:26.851562
239,0.4347826086956521,2026-06-10 13:49:26.851562
240,0.037037037037037,2026-06-10 13:49:26.851562
241,0.0,2026-06-10 13:49:26.851562
242,0.0285714285714285,2026-06-10 13:49:26.851562
243,0.0,2026-06-10 13:49:26.851562
244,0.3043478260869565,2026-06-10 13:49:26.851562
245,0.0857142857142857,2026-06-10 13:49:26.851562
246,0.0,2026-06-10 13:49:26.851562
247,0.1746031746031746,2026-06-10 13:49:26.851562
249,0.0857142857142857,2026-06-10 13:49:26.851562
250,0.1818181818181818,2026-06-10 13:49:26.851562
251,0.6774193548387096,2026-06-10 13:49:26.851562
252,0.8545454545454545,2026-06-10 13:49:26.851562
253,0.1818181818181818,2026-06-10 13:49:26.851562
254,0.0,2026-06-10 13:49:26.851562
255,0.2285714285714285,2026-06-10 13:49:26.851562
256,0.5789473684210527,2026-06-10 13:49:26.851562
257,0.2903225806451613,2026-06-10 13:49:26.851562
258,0.0285714285714285,2026-06-10 13:49:26.851562
259,0.4,2026-06-10 13:49:26.851562
260,0.0,2026-06-10 13:49:26.851562
261,0.0,2026-06-10 13:49:26.851562
262,0.0,2026-06-10 13:49:26.851562
263,0.1111111111111111,2026-06-10 13:49:26.851562
264,0.0,2026-06-10 13:49:26.851562
265,0.0,2026-06-10 13:49:26.851562
266,0.0,2026-06-10 13:49:26.851562
267,0.5641025641025641,2026-06-10 13:49:26.851562
268,0.0,2026-06-10 13:49:26.851562
269,0.3636363636363636,2026-06-10 13:49:26.851562
270,0.0,2026-06-10 13:49:26.851562
271,0.064516129032258,2026-06-10 13:49:26.851562
272,0.5217391304347826,2026-06-10 13:49:26.851562
273,0.0,2026-06-10 13:49:26.851562
275,0.4210526315789473,2026-06-10 13:49:26.851562
276,0.2571428571428571,2026-06-10 13:49:26.851562
277,0.0,2026-06-10 13:49:26.851562
278,0.4,2026-06-10 13:49:26.851562
279,0.1162790697674418,2026-06-10 13:49:26.851562
280,1.0,2026-06-10 13:49:26.851562
281,0.5333333333333333,2026-06-10 13:49:26.851562
282,0.1612903225806451,2026-06-10 13:49:26.851562
283,0.6956521739130435,2026-06-10 13:49:26.851562
284,0.7741935483870968,2026-06-10 13:49:26.851562
285,0.4666666666666667,2026-06-10 13:49:26.851562
286,0.9130434782608696,2026-06-10 13:49:26.851562
287,0.9473684210526316,2026-06-10 13:49:26.851562
288,0.7647058823529411,2026-06-10 13:49:26.851562
289,0.4482758620689655,2026-06-10 13:49:26.851562
290,0.0303030303030303,2026-06-10 13:49:26.851562
291,0.1333333333333333,2026-06-10 13:49:26.851562
292,0.0285714285714285,2026-06-10 13:49:26.851562
293,0.064516129032258,2026-06-10 13:49:26.851562
294,0.2142857142857142,2026-06-10 13:49:26.851562
295,0.0512820512820512,2026-06-10 13:49:26.851562
296,0.2285714285714285,2026-06-10 13:49:26.851562
297,0.5925925925925926,2026-06-10 13:49:26.851562
298,0.0571428571428571,2026-06-10 13:49:26.851562
299,0.0,2026-06-10 13:49:26.851562
300,0.9032258064516128,2026-06-10 13:49:26.851562
301,0.6086956521739131,2026-06-10 13:49:26.851562
302,0.0,2026-06-10 13:49:26.851562
303,0.4074074074074074,2026-06-10 13:49:26.851562
304,0.5161290322580645,2026-06-10 13:49:26.851562
305,0.0256410256410256,2026-06-10 13:49:26.851562
306,0.6086956521739131,2026-06-10 13:49:26.851562
307,0.7435897435897436,2026-06-10 13:49:26.851562
309,0.2962962962962963,2026-06-10 13:49:26.851562
311,0.0526315789473684,2026-06-10 13:49:26.851562
312,0.391304347826087,2026-06-10 13:49:26.851562
313,0.0133333333333333,2026-06-10 13:49:26.851562
314,0.631578947368421,2026-06-10 13:49:26.851562
315,0.04,2026-06-10 13:49:26.851562
316,0.36,2026-06-10 13:49:26.851562
317,0.0,2026-06-10 13:49:26.851562
318,0.0,2026-06-10 13:49:26.851562
319,0.782608695652174,2026-06-10 13:49:26.851562
320,0.0,2026-06-10 13:49:26.851562
321,0.6,2026-06-10 13:49:26.851562
322,0.9393939393939394,2026-06-10 13:49:26.851562
323,0.1176470588235294,2026-06-10 13:49:26.851562
324,0.6857142857142857,2026-06-10 13:49:26.851562
325,0.0606060606060606,2026-06-10 13:49:26.851562
326,0.5806451612903226,2026-06-10 13:49:26.851562
327,0.037037037037037,2026-06-10 13:49:26.851562
328,0.1111111111111111,2026-06-10 13:49:26.851562
329,0.0967741935483871,2026-06-10 13:49:26.851562
330,0.0,2026-06-10 13:49:26.851562
331,0.6666666666666666,2026-06-10 13:49:26.851562
332,0.0571428571428571,2026-06-10 13:49:26.851562
333,0.4444444444444444,2026-06-10 13:49:26.851562
334,0.0434782608695652,2026-06-10 13:49:26.851562
335,0.3333333333333333,2026-06-10 13:49:26.851562
336,0.0,2026-06-10 13:49:26.851562
337,0.0869565217391304,2026-06-10 13:49:26.851562
338,0.1578947368421052,2026-06-10 13:49:26.851562
339,0.0,2026-06-10 13:49:26.851562
340,0.4347826086956521,2026-06-10 13:49:26.851562
341,0.04,2026-06-10 13:49:26.851562
342,0.0,2026-06-10 13:49:26.851562
343,0.8421052631578947,2026-06-10 13:49:26.851562
344,0.0,2026-06-10 13:49:26.851562
345,0.074074074074074,2026-06-10 13:49:26.851562
346,0.074074074074074,2026-06-10 13:49:26.851562
347,0.0,2026-06-10 13:49:26.851562
348,0.0434782608695652,2026-06-10 13:49:26.851562
349,0.037037037037037,2026-06-10 13:49:26.851562
350,0.037037037037037,2026-06-10 13:49:26.851562
352,0.4736842105263157,2026-06-10 13:49:26.851562
353,0.0666666666666666,2026-06-10 13:49:26.851562
354,0.3157894736842105,2026-06-10 13:49:26.851562
355,0.2051282051282051,2026-06-10 13:49:26.851562
356,0.1578947368421052,2026-06-10 13:49:26.851562
357,0.0,2026-06-10 13:49:26.851562
358,0.0869565217391304,2026-06-10 13:49:26.851562
359,0.6857142857142857,2026-06-10 13:49:26.851562
360,0.0,2026-06-10 13:49:26.851562
361,0.2857142857142857,2026-06-10 13:49:26.851562
362,0.217391304347826,2026-06-10 13:49:26.851562
363,0.0526315789473684,2026-06-10 13:49:26.851562
364,0.0,2026-06-10 13:49:26.851562
365,0.217391304347826,2026-06-10 13:49:26.851562
366,0.0869565217391304,2026-06-10 13:49:26.851562
367,0.0285714285714285,2026-06-10 13:49:26.851562
368,0.2105263157894736,2026-06-10 13:49:26.851562
369,0.2105263157894736,2026-06-10 13:49:26.851562
370,0.1142857142857142,2026-06-10 13:49:26.851562
371,0.0,2026-06-10 13:49:26.851562
372,0.6,2026-06-10 13:49:26.851562
373,0.0571428571428571,2026-06-10 13:49:26.851562
374,0.1142857142857142,2026-06-10 13:49:26.851562
375,0.0285714285714285,2026-06-10 13:49:26.851562
376,0.0571428571428571,2026-06-10 13:49:26.851562
377,0.391304347826087,2026-06-10 13:49:26.851562
378,0.0,2026-06-10 13:49:26.851562
379,0.0,2026-06-10 13:49:26.851562
380,0.032258064516129,2026-06-10 13:49:26.851562
381,0.0967741935483871,2026-06-10 13:49:26.851562
382,0.037037037037037,2026-06-10 13:49:26.851562
383,0.1612903225806451,2026-06-10 13:49:26.851562
384,0.391304347826087,2026-06-10 13:49:26.851562
385,0.1428571428571428,2026-06-10 13:49:26.851562
386,0.074074074074074,2026-06-10 13:49:26.851562
387,0.0666666666666666,2026-06-10 13:49:26.851562
388,0.0526315789473684,2026-06-10 13:49:26.851562
389,0.0,2026-06-10 13:49:26.851562
390,0.0,2026-06-10 13:49:26.851562
391,0.064516129032258,2026-06-10 13:49:26.851562
392,0.2592592592592592,2026-06-10 13:49:26.851562
393,0.0,2026-06-10 13:49:26.851562
394,0.217391304347826,2026-06-10 13:49:26.851562
395,0.1304347826086956,2026-06-10 13:49:26.851562
396,0.037037037037037,2026-06-10 13:49:26.851562
397,0.0,2026-06-10 13:49:26.851562
398,0.0434782608695652,2026-06-10 13:49:26.851562
399,0.8947368421052632,2026-06-10 13:49:26.851562
400,0.0285714285714285,2026-06-10 13:49:26.851562
401,0.2962962962962963,2026-06-10 13:49:26.851562
402,0.1052631578947368,2026-06-10 13:49:26.851562
403,0.1111111111111111,2026-06-10 13:49:26.851562
404,0.2571428571428571,2026-06-10 13:49:26.851562
405,0.0,2026-06-10 13:49:26.851562
406,0.1052631578947368,2026-06-10 13:49:26.851562
407,0.0,2026-06-10 13:49:26.851562
408,0.0,2026-06-10 13:49:26.851562
409,0.1935483870967742,2026-06-10 13:49:26.851562
410,0.0,2026-06-10 13:49:26.851562
411,0.074074074074074,2026-06-10 13:49:26.851562
412,0.1739130434782608,2026-06-10 13:49:26.851562
413,0.0526315789473684,2026-06-10 13:49:26.851562
414,0.1111111111111111,2026-06-10 13:49:26.851562
415,0.0,2026-06-10 13:49:26.851562
416,0.1052631578947368,2026-06-10 13:49:26.851562
417,0.032258064516129,2026-06-10 13:49:26.851562
418,0.0666666666666666,2026-06-10 13:49:26.851562
419,0.0285714285714285,2026-06-10 13:49:26.851562
420,0.0256410256410256,2026-06-10 13:49:26.851562
421,0.631578947368421,2026-06-10 13:49:26.851562
422,0.0,2026-06-10 13:49:26.851562
423,0.2,2026-06-10 13:49:26.851562
424,0.1481481481481481,2026-06-10 13:49:26.851562
425,0.0,2026-06-10 13:49:26.851562
426,0.1578947368421052,2026-06-10 13:49:26.851562
427,0.0434782608695652,2026-06-10 13:49:26.851562
428,0.0,2026-06-10 13:49:26.851562
429,0.0384615384615384,2026-06-10 13:49:26.851562
430,0.2692307692307692,2026-06-10 13:49:26.851562
431,0.0,2026-06-10 13:49:26.851562
432,0.0,2026-06-10 13:49:26.851562
433,0.0,2026-06-10 13:49:26.851562
434,0.4210526315789473,2026-06-10 13:49:26.851562
435,0.0,2026-06-10 13:49:26.851562
436,0.4210526315789473,2026-06-10 13:49:26.851562
437,0.0,2026-06-10 13:49:26.851562
438,0.391304347826087,2026-06-10 13:49:26.851562
439,0.0571428571428571,2026-06-10 13:49:26.851562
440,0.4782608695652174,2026-06-10 13:49:26.851562
441,0.3043478260869565,2026-06-10 13:49:26.851562
442,0.1578947368421052,2026-06-10 13:49:26.851562
443,0.0,2026-06-10 13:49:26.851562
444,0.0526315789473684,2026-06-10 13:49:26.851562
445,0.1935483870967742,2026-06-10 13:49:26.851562
446,0.4,2026-06-10 13:49:26.851562
447,0.037037037037037,2026-06-10 13:49:26.851562
448,0.032258064516129,2026-06-10 13:49:26.851562
449,0.037037037037037,2026-06-10 13:49:26.851562
450,0.1739130434782608,2026-06-10 13:49:26.851562
451,0.8,2026-06-10 13:49:26.851562
452,0.0857142857142857,2026-06-10 13:49:26.851562
453,0.037037037037037,2026-06-10 13:49:26.851562
454,0.0,2026-06-10 13:49:26.851562
455,0.2608695652173913,2026-06-10 13:49:26.851562
456,0.0,2026-06-10 13:49:26.851562
457,0.0,2026-06-10 13:49:26.851562
458,0.2,2026-06-10 13:49:26.851562
459,0.1304347826086956,2026-06-10 13:49:26.851562
460,0.0,2026-06-10 13:49:26.851562
461,0.6774193548387096,2026-06-10 13:49:26.851562
462,0.037037037037037,2026-06-10 13:49:26.851562
463,0.0869565217391304,2026-06-10 13:49:26.851562
464,0.0,2026-06-10 13:49:26.851562
465,0.7368421052631579,2026-06-10 13:49:26.851562
466,0.0,2026-06-10 13:49:26.851562
467,0.0,2026-06-10 13:49:26.851562
468,0.0967741935483871,2026-06-10 13:49:26.851562
469,0.0,2026-06-10 13:49:26.851562
470,0.0,2026-06-10 13:49:26.851562
471,0.0,2026-06-10 13:49:26.851562
472,0.0952380952380952,2026-06-10 13:49:26.851562
473,0.0285714285714285,2026-06-10 13:49:26.851562
474,0.1052631578947368,2026-06-10 13:49:26.851562
475,0.0,2026-06-10 13:49:26.851562
476,0.1481481481481481,2026-06-10 13:49:26.851562
477,0.027027027027027,2026-06-10 13:49:26.851562
478,0.0,2026-06-10 13:49:26.851562
479,0.0196078431372549,2026-06-10 13:49:26.851562
480,0.0285714285714285,2026-06-10 13:49:26.851562
481,0.1052631578947368,2026-06-10 13:49:26.851562
482,0.1111111111111111,2026-06-10 13:49:26.851562
483,0.064516129032258,2026-06-10 13:49:26.851562
484,0.1282051282051282,2026-06-10 13:49:26.851562
485,0.5789473684210527,2026-06-10 13:49:26.851562
486,0.037037037037037,2026-06-10 13:49:26.851562
487,0.1304347826086956,2026-06-10 13:49:26.851562
488,0.0,2026-06-10 13:49:26.851562
489,0.1304347826086956,2026-06-10 13:49:26.851562
490,0.2580645161290322,2026-06-10 13:49:26.851562
491,0.1739130434782608,2026-06-10 13:49:26.851562
492,0.2258064516129032,2026-06-10 13:49:26.851562
493,0.0,2026-06-10 13:49:26.851562
494,0.0,2026-06-10 13:49:26.851562
495,0.4347826086956521,2026-06-10 13:49:26.851562
496,0.0,2026-06-10 13:49:26.851562
497,0.0285714285714285,2026-06-10 13:49:26.851562
498,0.3043478260869565,2026-06-10 13:49:26.851562
499,0.5652173913043478,2026-06-10 13:49:26.851562
500,0.3478260869565217,2026-06-10 13:49:26.851562
501,0.2258064516129032,2026-06-10 13:49:26.851562
502,0.2592592592592592,2026-06-10 13:49:26.851562
503,0.0,2026-06-10 13:49:26.851562
504,0.2592592592592592,2026-06-10 13:49:26.851562
505,0.0869565217391304,2026-06-10 13:49:26.851562
506,0.2051282051282051,2026-06-10 13:49:26.851562
507,0.0,2026-06-10 13:49:26.851562
508,0.0,2026-06-10 13:49:26.851562
509,0.0,2026-06-10 13:49:26.851562
510,0.0434782608695652,2026-06-10 13:49:26.851562
511,0.0,2026-06-10 13:49:26.851562
512,0.0526315789473684,2026-06-10 13:49:26.851562
513,0.0303030303030303,2026-06-10 13:49:26.851562
514,0.0,2026-06-10 13:49:26.851562
515,0.064516129032258,2026-06-10 13:49:26.851562
516,0.0571428571428571,2026-06-10 13:49:26.851562
517,0.2962962962962963,2026-06-10 13:49:26.851562
518,0.0869565217391304,2026-06-10 13:49:26.851562
519,0.0,2026-06-10 13:49:26.851562
520,0.0869565217391304,2026-06-10 13:49:26.851562
521,0.3478260869565217,2026-06-10 13:49:26.851562
522,0.0,2026-06-10 13:49:26.851562
523,0.0869565217391304,2026-06-10 13:49:26.851562
524,0.0,2026-06-10 13:49:26.851562
525,0.0,2026-06-10 13:49:26.851562
526,0.2580645161290322,2026-06-10 13:49:26.851562
527,0.032258064516129,2026-06-10 13:49:26.851562
528,0.032258064516129,2026-06-10 13:49:26.851562
529,0.0,2026-06-10 13:49:26.851562
530,0.0,2026-06-10 13:49:26.851562
531,0.037037037037037,2026-06-10 13:49:26.851562
532,0.0,2026-06-10 13:49:26.851562
533,0.0,2026-06-10 13:49:26.851562
534,0.0,2026-06-10 13:49:26.851562
535,0.0434782608695652,2026-06-10 13:49:26.851562
536,0.0,2026-06-10 13:49:26.851562
537,0.2592592592592592,2026-06-10 13:49:26.851562
538,0.0,2026-06-10 13:49:26.851562
539,0.0,2026-06-10 13:49:26.851562
540,0.0,2026-06-10 13:49:26.851562
541,0.0869565217391304,2026-06-10 13:49:26.851562
542,0.0,2026-06-10 13:49:26.851562
543,0.0869565217391304,2026-06-10 13:49:26.851562
544,0.0869565217391304,2026-06-10 13:49:26.851562
545,0.0,2026-06-10 13:49:26.851562
546,0.0,2026-06-10 13:49:26.851562
547,0.1481481481481481,2026-06-10 13:49:26.851562
548,0.3043478260869565,2026-06-10 13:49:26.851562
549,0.0,2026-06-10 13:49:26.851562
550,0.1111111111111111,2026-06-10 13:49:26.851562
551,0.0512820512820512,2026-06-10 13:49:26.851562
552,0.7037037037037037,2026-06-10 13:49:26.851562
553,0.0869565217391304,2026-06-10 13:49:26.851562
554,0.064516129032258,2026-06-10 13:49:26.851562
555,0.0,2026-06-10 13:49:26.851562
556,0.0,2026-06-10 13:49:26.851562
557,0.2608695652173913,2026-06-10 13:49:26.851562
558,0.6363636363636364,2026-06-10 13:49:26.851562
559,0.3333333333333333,2026-06-10 13:49:26.851562
560,0.0,2026-06-10 13:49:26.851562
561,0.4736842105263157,2026-06-10 13:49:26.851562
562,0.0,2026-06-10 13:49:26.851562
563,0.0,2026-06-10 13:49:26.851562
564,0.4,2026-06-10 13:49:26.851562
565,0.1851851851851851,2026-06-10 13:49:26.851562
566,0.6129032258064516,2026-06-10 13:49:26.851562
567,0.3157894736842105,2026-06-10 13:49:26.851562
568,0.1034482758620689,2026-06-10 13:49:26.851562
569,0.1290322580645161,2026-06-10 13:49:26.851562
570,0.3333333333333333,2026-06-10 13:49:26.851562
571,0.037037037037037,2026-06-10 13:49:26.851562
572,0.0,2026-06-10 13:49:26.851562
573,0.0434782608695652,2026-06-10 13:49:26.851562
574,0.0869565217391304,2026-06-10 13:49:26.851562
575,0.0869565217391304,2026-06-10 13:49:26.851562
576,0.0,2026-06-10 13:49:26.851562
577,0.0526315789473684,2026-06-10 13:49:26.851562
578,0.0,2026-06-10 13:49:26.851562
579,0.032258064516129,2026-06-10 13:49:26.851562
580,0.0,2026-06-10 13:49:26.851562
581,0.1851851851851851,2026-06-10 13:49:26.851562
582,0.0869565217391304,2026-06-10 13:49:26.851562
583,0.037037037037037,2026-06-10 13:49:26.851562
584,0.1739130434782608,2026-06-10 13:49:26.851562
585,0.2258064516129032,2026-06-10 13:49:26.851562
586,0.1612903225806451,2026-06-10 13:49:26.851562
587,0.3043478260869565,2026-06-10 13:49:26.851562
588,0.0,2026-06-10 13:49:26.851562
589,0.3157894736842105,2026-06-10 13:49:26.851562
590,0.074074074074074,2026-06-10 13:49:26.851562
591,0.1111111111111111,2026-06-10 13:49:26.851562
592,0.0434782608695652,2026-06-10 13:49:26.851562
593,0.1935483870967742,2026-06-10 13:49:26.851562
594,0.037037037037037,2026-06-10 13:49:26.851562
595,0.0869565217391304,2026-06-10 13:49:26.851562
596,0.0,2026-06-10 13:49:26.851562
597,0.1851851851851851,2026-06-10 13:49:26.851562
598,0.0,2026-06-10 13:49:26.851562
599,0.0434782608695652,2026-06-10 13:49:26.851562
600,0.0,2026-06-10 13:49:26.851562
601,0.037037037037037,2026-06-10 13:49:26.851562
602,0.0,2026-06-10 13:49:26.851562
603,0.1481481481481481,2026-06-10 13:49:26.851562
604,0.1052631578947368,2026-06-10 13:49:26.851562
605,0.1851851851851851,2026-06-10 13:49:26.851562
606,0.0,2026-06-10 13:49:26.851562
607,0.0,2026-06-10 13:49:26.851562
608,0.064516129032258,2026-06-10 13:49:26.851562
609,0.5925925925925926,2026-06-10 13:49:26.851562
610,0.0526315789473684,2026-06-10 13:49:26.851562
611,0.0434782608695652,2026-06-10 13:49:26.851562
613,0.0434782608695652,2026-06-10 13:49:26.851562
614,0.1304347826086956,2026-06-10 13:49:26.851562
615,0.0,2026-06-10 13:49:26.851562
616,0.3043478260869565,2026-06-10 13:49:26.851562
617,0.2,2026-06-10 13:49:26.851562
618,0.2258064516129032,2026-06-10 13:49:26.851562
619,0.1739130434782608,2026-06-10 13:49:26.851562
620,0.5555555555555556,2026-06-10 13:49:26.851562
621,0.0,2026-06-10 13:49:26.851562
622,0.0,2026-06-10 13:49:26.851562
623,0.1290322580645161,2026-06-10 13:49:26.851562
624,0.3703703703703703,2026-06-10 13:49:26.851562
625,0.1935483870967742,2026-06-10 13:49:26.851562
626,0.217391304347826,2026-06-10 13:49:26.851562
628,0.064516129032258,2026-06-10 13:49:26.851562
629,0.0,2026-06-10 13:49:26.851562
630,0.2222222222222222,2026-06-10 13:49:26.851562
631,0.074074074074074,2026-06-10 13:49:26.851562
632,0.1851851851851851,2026-06-10 13:49:26.851562
633,0.0,2026-06-10 13:49:26.851562
634,0.0555555555555555,2026-06-10 13:49:26.851562
635,0.0285714285714285,2026-06-10 13:49:26.851562
636,0.2105263157894736,2026-06-10 13:49:26.851562
637,0.2222222222222222,2026-06-10 13:49:26.851562
638,0.0,2026-06-10 13:49:26.851562
639,0.0,2026-06-10 13:49:26.851562
640,0.4782608695652174,2026-06-10 13:49:26.851562
641,0.037037037037037,2026-06-10 13:49:26.851562
642,0.0869565217391304,2026-06-10 13:49:26.851562
643,0.0196078431372549,2026-06-10 13:49:26.851562
644,0.4666666666666667,2026-06-10 13:49:26.851562
645,0.0,2026-06-10 13:49:26.851562
646,0.0,2026-06-10 13:49:26.851562
647,0.0,2026-06-10 13:49:26.851562
648,0.2666666666666666,2026-06-10 13:49:26.851562
649,0.0,2026-06-10 13:49:26.851562
650,0.0,2026-06-10 13:49:26.851562
651,0.037037037037037,2026-06-10 13:49:26.851562
652,0.037037037037037,2026-06-10 13:49:26.851562
653,0.0,2026-06-10 13:49:26.851562
654,0.0,2026-06-10 13:49:26.851562
655,0.2962962962962963,2026-06-10 13:49:26.851562
656,0.0256410256410256,2026-06-10 13:49:26.851562
657,0.7096774193548387,2026-06-10 13:49:26.851562
658,0.1111111111111111,2026-06-10 13:49:26.851562
659,0.0,2026-06-10 13:49:26.851562
660,0.037037037037037,2026-06-10 13:49:26.851562
662,0.0434782608695652,2026-06-10 13:49:26.851562
663,0.0434782608695652,2026-06-10 13:49:26.851562
664,0.037037037037037,2026-06-10 13:49:26.851562
665,0.037037037037037,2026-06-10 13:49:26.851562
666,0.1052631578947368,2026-06-10 13:49:26.851562
667,0.0,2026-06-10 13:49:26.851562
668,0.0,2026-06-10 13:49:26.851562
669,0.4074074074074074,2026-06-10 13:49:26.851562
670,0.3157894736842105,2026-06-10 13:49:26.851562
671,0.037037037037037,2026-06-10 13:49:26.851562
672,0.0526315789473684,2026-06-10 13:49:26.851562
673,0.1578947368421052,2026-06-10 13:49:26.851562
674,0.2105263157894736,2026-06-10 13:49:26.851562
678,0.0952380952380952,2026-06-10 13:49:26.851562
681,0.3043478260869565,2026-06-10 13:49:26.851562
682,0.1304347826086956,2026-06-10 13:49:26.851562
683,0.037037037037037,2026-06-10 13:49:26.851562
684,0.0526315789473684,2026-06-10 13:49:26.851562
685,0.037037037037037,2026-06-10 13:49:26.851562
686,0.0857142857142857,2026-06-10 13:49:26.851562
694,0.0526315789473684,2026-06-10 13:49:26.851562
695,0.2,2026-06-10 13:49:26.851562
697,0.074074074074074,2026-06-10 13:49:26.851562
698,0.217391304347826,2026-06-10 13:49:26.851562
699,0.2105263157894736,2026-06-10 13:49:26.851562
700,0.0,2026-06-10 13:49:26.851562
702,0.1304347826086956,2026-06-10 13:49:26.851562
1,0.2051282051282051,2026-06-10 13:50:39.152668
5,0.0,2026-06-10 13:50:39.152668
6,0.0,2026-06-10 13:50:39.152668
8,0.1290322580645161,2026-06-10 13:50:39.152668
9,0.4347826086956521,2026-06-10 13:50:39.152668
10,0.0869565217391304,2026-06-10 13:50:39.152668
11,0.1481481481481481,2026-06-10 13:50:39.152668
12,0.074074074074074,2026-06-10 13:50:39.152668
14,0.0,2026-06-10 13:50:39.152668
15,0.3043478260869565,2026-06-10 13:50:39.152668
16,0.0,2026-06-10 13:50:39.152668
17,0.0,2026-06-10 13:50:39.152668
18,0.0857142857142857,2026-06-10 13:50:39.152668
19,0.0,2026-06-10 13:50:39.152668
20,0.0588235294117647,2026-06-10 13:50:39.152668
21,0.0,2026-06-10 13:50:39.152668
22,0.0,2026-06-10 13:50:39.152668
23,0.0285714285714285,2026-06-10 13:50:39.152668
24,0.0285714285714285,2026-06-10 13:50:39.152668
25,0.0,2026-06-10 13:50:39.152668
26,0.1578947368421052,2026-06-10 13:50:39.152668
27,0.238095238095238,2026-06-10 13:50:39.152668
28,0.6363636363636364,2026-06-10 13:50:39.152668
29,0.0967741935483871,2026-06-10 13:50:39.152668
30,0.0526315789473684,2026-06-10 13:50:39.152668
31,0.0,2026-06-10 13:50:39.152668
32,0.2105263157894736,2026-06-10 13:50:39.152668
33,0.1481481481481481,2026-06-10 13:50:39.152668
34,0.0,2026-06-10 13:50:39.152668
35,0.064516129032258,2026-06-10 13:50:39.152668
36,0.2105263157894736,2026-06-10 13:50:39.152668
37,0.0,2026-06-10 13:50:39.152668
38,0.0,2026-06-10 13:50:39.152668
39,0.0526315789473684,2026-06-10 13:50:39.152668
40,0.0,2026-06-10 13:50:39.152668
41,0.0,2026-06-10 13:50:39.152668
42,0.1578947368421052,2026-06-10 13:50:39.152668
43,0.1578947368421052,2026-06-10 13:50:39.152668
44,0.0,2026-06-10 13:50:39.152668
45,0.2692307692307692,2026-06-10 13:50:39.152668
46,0.0,2026-06-10 13:50:39.152668
47,0.0869565217391304,2026-06-10 13:50:39.152668
48,0.0,2026-06-10 13:50:39.152668
49,0.0169491525423728,2026-06-10 13:50:39.152668
50,0.0,2026-06-10 13:50:39.152668
51,0.0,2026-06-10 13:50:39.152668
52,0.2,2026-06-10 13:50:39.152668
53,0.0,2026-06-10 13:50:39.152668
55,0.0,2026-06-10 13:50:39.152668
56,0.0285714285714285,2026-06-10 13:50:39.152668
57,0.0,2026-06-10 13:50:39.152668
58,0.0,2026-06-10 13:50:39.152668
59,0.0,2026-06-10 13:50:39.152668
60,0.0,2026-06-10 13:50:39.152668
61,0.0285714285714285,2026-06-10 13:50:39.152668
62,0.0,2026-06-10 13:50:39.152668
63,0.0,2026-06-10 13:50:39.152668
64,0.032258064516129,2026-06-10 13:50:39.152668
65,0.0967741935483871,2026-06-10 13:50:39.152668
66,0.0,2026-06-10 13:50:39.152668
67,0.0869565217391304,2026-06-10 13:50:39.152668
68,0.0434782608695652,2026-06-10 13:50:39.152668
69,0.3142857142857143,2026-06-10 13:50:39.152668
70,0.0,2026-06-10 13:50:39.152668
71,0.4,2026-06-10 13:50:39.152668
72,0.0,2026-06-10 13:50:39.152668
73,0.0,2026-06-10 13:50:39.152668
74,0.0666666666666666,2026-06-10 13:50:39.152668
75,0.0,2026-06-10 13:50:39.152668
76,0.037037037037037,2026-06-10 13:50:39.152668
77,0.0,2026-06-10 13:50:39.152668
78,0.1739130434782608,2026-06-10 13:50:39.152668
79,0.0857142857142857,2026-06-10 13:50:39.152668
80,0.5217391304347826,2026-06-10 13:50:39.152668
81,0.1052631578947368,2026-06-10 13:50:39.152668
82,0.2222222222222222,2026-06-10 13:50:39.152668
83,0.2857142857142857,2026-06-10 13:50:39.152668
84,0.0285714285714285,2026-06-10 13:50:39.152668
85,0.0666666666666666,2026-06-10 13:50:39.152668
86,0.0,2026-06-10 13:50:39.152668
87,0.0,2026-06-10 13:50:39.152668
88,0.5652173913043478,2026-06-10 13:50:39.152668
89,0.0,2026-06-10 13:50:39.152668
90,0.074074074074074,2026-06-10 13:50:39.152668
91,0.217391304347826,2026-06-10 13:50:39.152668
92,0.0666666666666666,2026-06-10 13:50:39.152668
93,0.2307692307692307,2026-06-10 13:50:39.152668
94,0.4444444444444444,2026-06-10 13:50:39.152668
95,0.025,2026-06-10 13:50:39.152668
96,0.2307692307692307,2026-06-10 13:50:39.152668
97,0.0222222222222222,2026-06-10 13:50:39.152668
98,0.0285714285714285,2026-06-10 13:50:39.152668
99,0.0869565217391304,2026-06-10 13:50:39.152668
100,0.0,2026-06-10 13:50:39.152668
101,0.0666666666666666,2026-06-10 13:50:39.152668
102,0.4814814814814814,2026-06-10 13:50:39.152668
103,0.1851851851851851,2026-06-10 13:50:39.152668
104,0.0508474576271186,2026-06-10 13:50:39.152668
105,0.032258064516129,2026-06-10 13:50:39.152668
106,0.0285714285714285,2026-06-10 13:50:39.152668
107,0.0571428571428571,2026-06-10 13:50:39.152668
108,0.6,2026-06-10 13:50:39.152668
109,0.7894736842105263,2026-06-10 13:50:39.152668
110,0.0869565217391304,2026-06-10 13:50:39.152668
111,0.2105263157894736,2026-06-10 13:50:39.152668
112,0.1333333333333333,2026-06-10 13:50:39.152668
113,0.0,2026-06-10 13:50:39.152668
114,0.4838709677419355,2026-06-10 13:50:39.152668
115,0.0666666666666666,2026-06-10 13:50:39.152668
116,0.0,2026-06-10 13:50:39.152668
117,0.037037037037037,2026-06-10 13:50:39.152668
118,0.0476190476190476,2026-06-10 13:50:39.152668
119,0.0967741935483871,2026-06-10 13:50:39.152668
120,0.6666666666666666,2026-06-10 13:50:39.152668
121,0.1739130434782608,2026-06-10 13:50:39.152668
122,0.0,2026-06-10 13:50:39.152668
123,0.3478260869565217,2026-06-10 13:50:39.152668
124,0.1860465116279069,2026-06-10 13:50:39.152668
125,0.0,2026-06-10 13:50:39.152668
126,0.0,2026-06-10 13:50:39.152668
127,0.0,2026-06-10 13:50:39.152668
128,0.0,2026-06-10 13:50:39.152668
129,0.0857142857142857,2026-06-10 13:50:39.152668
130,0.0,2026-06-10 13:50:39.152668
131,0.7391304347826086,2026-06-10 13:50:39.152668
132,0.032258064516129,2026-06-10 13:50:39.152668
133,0.037037037037037,2026-06-10 13:50:39.152668
134,0.0,2026-06-10 13:50:39.152668
135,0.0975609756097561,2026-06-10 13:50:39.152668
136,0.0,2026-06-10 13:50:39.152668
137,0.0,2026-06-10 13:50:39.152668
138,0.0,2026-06-10 13:50:39.152668
139,0.037037037037037,2026-06-10 13:50:39.152668
140,0.0,2026-06-10 13:50:39.152668
141,0.0,2026-06-10 13:50:39.152668
142,0.217391304347826,2026-06-10 13:50:39.152668
143,0.1111111111111111,2026-06-10 13:50:39.152668
144,0.217391304347826,2026-06-10 13:50:39.152668
145,0.1290322580645161,2026-06-10 13:50:39.152668
146,0.1379310344827586,2026-06-10 13:50:39.152668
147,0.7368421052631579,2026-06-10 13:50:39.152668
148,0.925925925925926,2026-06-10 13:50:39.152668
149,0.037037037037037,2026-06-10 13:50:39.152668
150,0.7391304347826086,2026-06-10 13:50:39.152668
151,0.4444444444444444,2026-06-10 13:50:39.152668
152,0.0,2026-06-10 13:50:39.152668
153,0.7391304347826086,2026-06-10 13:50:39.152668
154,0.9629629629629628,2026-06-10 13:50:39.152668
155,0.1851851851851851,2026-06-10 13:50:39.152668
156,0.2285714285714285,2026-06-10 13:50:39.152668
157,0.0526315789473684,2026-06-10 13:50:39.152668
158,0.8260869565217391,2026-06-10 13:50:39.152668
159,0.7407407407407407,2026-06-10 13:50:39.152668
160,0.8,2026-06-10 13:50:39.152668
161,0.9629629629629628,2026-06-10 13:50:39.152668
162,0.3043478260869565,2026-06-10 13:50:39.152668
163,0.6521739130434783,2026-06-10 13:50:39.152668
164,0.1020408163265306,2026-06-10 13:50:39.152668
165,0.4347826086956521,2026-06-10 13:50:39.152668
166,0.935483870967742,2026-06-10 13:50:39.152668
167,0.6,2026-06-10 13:50:39.152668
168,0.0,2026-06-10 13:50:39.152668
169,0.064516129032258,2026-06-10 13:50:39.152668
170,0.1739130434782608,2026-06-10 13:50:39.152668
171,0.027027027027027,2026-06-10 13:50:39.152668
172,0.0,2026-06-10 13:50:39.152668
173,0.2857142857142857,2026-06-10 13:50:39.152668
174,0.4210526315789473,2026-06-10 13:50:39.152668
175,0.0967741935483871,2026-06-10 13:50:39.152668
176,0.4705882352941176,2026-06-10 13:50:39.152668
177,0.1304347826086956,2026-06-10 13:50:39.152668
178,0.037037037037037,2026-06-10 13:50:39.152668
179,0.032258064516129,2026-06-10 13:50:39.152668
180,0.4857142857142857,2026-06-10 13:50:39.152668
181,0.0,2026-06-10 13:50:39.152668
182,0.0526315789473684,2026-06-10 13:50:39.152668
183,0.3684210526315789,2026-06-10 13:50:39.152668
184,0.6666666666666666,2026-06-10 13:50:39.152668
185,0.0909090909090909,2026-06-10 13:50:39.152668
186,0.1481481481481481,2026-06-10 13:50:39.152668
187,0.0,2026-06-10 13:50:39.152668
188,0.0476190476190476,2026-06-10 13:50:39.152668
189,0.3157894736842105,2026-06-10 13:50:39.152668
190,0.0434782608695652,2026-06-10 13:50:39.152668
191,0.6842105263157895,2026-06-10 13:50:39.152668
192,0.1304347826086956,2026-06-10 13:50:39.152668
193,0.1176470588235294,2026-06-10 13:50:39.152668
194,0.0,2026-06-10 13:50:39.152668
195,0.074074074074074,2026-06-10 13:50:39.152668
196,0.2222222222222222,2026-06-10 13:50:39.152668
197,0.0434782608695652,2026-06-10 13:50:39.152668
198,0.2962962962962963,2026-06-10 13:50:39.152668
199,0.0285714285714285,2026-06-10 13:50:39.152668
200,0.2962962962962963,2026-06-10 13:50:39.152668
201,0.1612903225806451,2026-06-10 13:50:39.152668
202,0.5333333333333333,2026-06-10 13:50:39.152668
203,0.4074074074074074,2026-06-10 13:50:39.152668
204,0.9629629629629628,2026-06-10 13:50:39.152668
205,0.2,2026-06-10 13:50:39.152668
206,0.4074074074074074,2026-06-10 13:50:39.152668
207,0.6451612903225806,2026-06-10 13:50:39.152668
208,0.0588235294117647,2026-06-10 13:50:39.152668
209,0.0,2026-06-10 13:50:39.152668
210,0.0,2026-06-10 13:50:39.152668
211,0.0,2026-06-10 13:50:39.152668
212,0.0,2026-06-10 13:50:39.152668
213,0.1578947368421052,2026-06-10 13:50:39.152668
214,0.2,2026-06-10 13:50:39.152668
215,0.0,2026-06-10 13:50:39.152668
216,0.0,2026-06-10 13:50:39.152668
217,0.0434782608695652,2026-06-10 13:50:39.152668
218,0.2105263157894736,2026-06-10 13:50:39.152668
219,0.074074074074074,2026-06-10 13:50:39.152668
220,0.0869565217391304,2026-06-10 13:50:39.152668
221,0.0,2026-06-10 13:50:39.152668
222,0.0,2026-06-10 13:50:39.152668
223,0.0,2026-06-10 13:50:39.152668
224,0.8,2026-06-10 13:50:39.152668
225,0.032258064516129,2026-06-10 13:50:39.152668
226,0.0,2026-06-10 13:50:39.152668
227,0.3043478260869565,2026-06-10 13:50:39.152668
228,0.0909090909090909,2026-06-10 13:50:39.152668
229,0.0,2026-06-10 13:50:39.152668
230,0.8,2026-06-10 13:50:39.152668
231,0.0,2026-06-10 13:50:39.152668
232,0.032258064516129,2026-06-10 13:50:39.152668
233,0.4210526315789473,2026-06-10 13:50:39.152668
234,0.0303030303030303,2026-06-10 13:50:39.152668
235,0.3333333333333333,2026-06-10 13:50:39.152668
236,0.4242424242424242,2026-06-10 13:50:39.152668
237,0.0869565217391304,2026-06-10 13:50:39.152668
238,0.0344827586206896,2026-06-10 13:50:39.152668
239,0.4347826086956521,2026-06-10 13:50:39.152668
240,0.037037037037037,2026-06-10 13:50:39.152668
241,0.0,2026-06-10 13:50:39.152668
242,0.0,2026-06-10 13:50:39.152668
243,0.0,2026-06-10 13:50:39.152668
244,0.3043478260869565,2026-06-10 13:50:39.152668
245,0.0857142857142857,2026-06-10 13:50:39.152668
246,0.0,2026-06-10 13:50:39.152668
247,0.1746031746031746,2026-06-10 13:50:39.152668
249,0.0857142857142857,2026-06-10 13:50:39.152668
250,0.0909090909090909,2026-06-10 13:50:39.152668
251,0.6774193548387096,2026-06-10 13:50:39.152668
252,0.8727272727272727,2026-06-10 13:50:39.152668
253,0.2727272727272727,2026-06-10 13:50:39.152668
254,0.0869565217391304,2026-06-10 13:50:39.152668
255,0.2571428571428571,2026-06-10 13:50:39.152668
256,0.5789473684210527,2026-06-10 13:50:39.152668
257,0.2903225806451613,2026-06-10 13:50:39.152668
258,0.0,2026-06-10 13:50:39.152668
259,0.32,2026-06-10 13:50:39.152668
260,0.0,2026-06-10 13:50:39.152668
261,0.0,2026-06-10 13:50:39.152668
262,0.0,2026-06-10 13:50:39.152668
263,0.1111111111111111,2026-06-10 13:50:39.152668
264,0.0,2026-06-10 13:50:39.152668
265,0.0,2026-06-10 13:50:39.152668
266,0.0,2026-06-10 13:50:39.152668
267,0.6153846153846154,2026-06-10 13:50:39.152668
268,0.0,2026-06-10 13:50:39.152668
269,0.3636363636363636,2026-06-10 13:50:39.152668
270,0.0,2026-06-10 13:50:39.152668
271,0.064516129032258,2026-06-10 13:50:39.152668
272,0.5217391304347826,2026-06-10 13:50:39.152668
273,0.0,2026-06-10 13:50:39.152668
275,0.4210526315789473,2026-06-10 13:50:39.152668
276,0.2571428571428571,2026-06-10 13:50:39.152668
277,0.0,2026-06-10 13:50:39.152668
278,0.4,2026-06-10 13:50:39.152668
279,0.1162790697674418,2026-06-10 13:50:39.152668
280,1.0,2026-06-10 13:50:39.152668
281,0.5333333333333333,2026-06-10 13:50:39.152668
282,0.1612903225806451,2026-06-10 13:50:39.152668
283,0.7391304347826086,2026-06-10 13:50:39.152668
284,0.7741935483870968,2026-06-10 13:50:39.152668
285,0.4666666666666667,2026-06-10 13:50:39.152668
286,0.9130434782608696,2026-06-10 13:50:39.152668
287,0.9473684210526316,2026-06-10 13:50:39.152668
288,0.7647058823529411,2026-06-10 13:50:39.152668
289,0.4482758620689655,2026-06-10 13:50:39.152668
290,0.0303030303030303,2026-06-10 13:50:39.152668
291,0.1333333333333333,2026-06-10 13:50:39.152668
292,0.0285714285714285,2026-06-10 13:50:39.152668
293,0.064516129032258,2026-06-10 13:50:39.152668
294,0.2142857142857142,2026-06-10 13:50:39.152668
295,0.0512820512820512,2026-06-10 13:50:39.152668
296,0.2285714285714285,2026-06-10 13:50:39.152668
297,0.5925925925925926,2026-06-10 13:50:39.152668
298,0.0857142857142857,2026-06-10 13:50:39.152668
299,0.0,2026-06-10 13:50:39.152668
300,0.9032258064516128,2026-06-10 13:50:39.152668
301,0.6521739130434783,2026-06-10 13:50:39.152668
302,0.0,2026-06-10 13:50:39.152668
303,0.3703703703703703,2026-06-10 13:50:39.152668
304,0.5161290322580645,2026-06-10 13:50:39.152668
305,0.0256410256410256,2026-06-10 13:50:39.152668
306,0.6086956521739131,2026-06-10 13:50:39.152668
307,0.7435897435897436,2026-06-10 13:50:39.152668
309,0.2962962962962963,2026-06-10 13:50:39.152668
311,0.1052631578947368,2026-06-10 13:50:39.152668
312,0.4347826086956521,2026-06-10 13:50:39.152668
313,0.0,2026-06-10 13:50:39.152668
314,0.631578947368421,2026-06-10 13:50:39.152668
315,0.04,2026-06-10 13:50:39.152668
316,0.36,2026-06-10 13:50:39.152668
317,0.037037037037037,2026-06-10 13:50:39.152668
318,0.0,2026-06-10 13:50:39.152668
319,0.782608695652174,2026-06-10 13:50:39.152668
320,0.0,2026-06-10 13:50:39.152668
321,0.6,2026-06-10 13:50:39.152668
322,0.9393939393939394,2026-06-10 13:50:39.152668
323,0.1176470588235294,2026-06-10 13:50:39.152668
324,0.6857142857142857,2026-06-10 13:50:39.152668
325,0.0909090909090909,2026-06-10 13:50:39.152668
326,0.5806451612903226,2026-06-10 13:50:39.152668
327,0.037037037037037,2026-06-10 13:50:39.152668
328,0.1111111111111111,2026-06-10 13:50:39.152668
329,0.0967741935483871,2026-06-10 13:50:39.152668
330,0.0,2026-06-10 13:50:39.152668
331,0.6190476190476191,2026-06-10 13:50:39.152668
332,0.0285714285714285,2026-06-10 13:50:39.152668
333,0.4444444444444444,2026-06-10 13:50:39.152668
334,0.0434782608695652,2026-06-10 13:50:39.152668
335,0.3333333333333333,2026-06-10 13:50:39.152668
336,0.0434782608695652,2026-06-10 13:50:39.152668
337,0.1304347826086956,2026-06-10 13:50:39.152668
338,0.1052631578947368,2026-06-10 13:50:39.152668
339,0.0,2026-06-10 13:50:39.152668
340,0.4347826086956521,2026-06-10 13:50:39.152668
341,0.04,2026-06-10 13:50:39.152668
342,0.0,2026-06-10 13:50:39.152668
343,0.7894736842105263,2026-06-10 13:50:39.152668
344,0.0,2026-06-10 13:50:39.152668
345,0.037037037037037,2026-06-10 13:50:39.152668
346,0.074074074074074,2026-06-10 13:50:39.152668
347,0.0,2026-06-10 13:50:39.152668
348,0.0434782608695652,2026-06-10 13:50:39.152668
349,0.037037037037037,2026-06-10 13:50:39.152668
350,0.037037037037037,2026-06-10 13:50:39.152668
352,0.4736842105263157,2026-06-10 13:50:39.152668
353,0.0666666666666666,2026-06-10 13:50:39.152668
354,0.3157894736842105,2026-06-10 13:50:39.152668
355,0.1794871794871795,2026-06-10 13:50:39.152668
356,0.1578947368421052,2026-06-10 13:50:39.152668
357,0.0,2026-06-10 13:50:39.152668
358,0.0869565217391304,2026-06-10 13:50:39.152668
359,0.6857142857142857,2026-06-10 13:50:39.152668
360,0.0,2026-06-10 13:50:39.152668
361,0.2857142857142857,2026-06-10 13:50:39.152668
362,0.217391304347826,2026-06-10 13:50:39.152668
363,0.0526315789473684,2026-06-10 13:50:39.152668
364,0.0,2026-06-10 13:50:39.152668
365,0.217391304347826,2026-06-10 13:50:39.152668
366,0.0869565217391304,2026-06-10 13:50:39.152668
367,0.0571428571428571,2026-06-10 13:50:39.152668
368,0.2105263157894736,2026-06-10 13:50:39.152668
369,0.2105263157894736,2026-06-10 13:50:39.152668
370,0.1142857142857142,2026-06-10 13:50:39.152668
371,0.0,2026-06-10 13:50:39.152668
372,0.6,2026-06-10 13:50:39.152668
373,0.0857142857142857,2026-06-10 13:50:39.152668
374,0.1142857142857142,2026-06-10 13:50:39.152668
375,0.0285714285714285,2026-06-10 13:50:39.152668
376,0.0571428571428571,2026-06-10 13:50:39.152668
377,0.391304347826087,2026-06-10 13:50:39.152668
378,0.0,2026-06-10 13:50:39.152668
379,0.037037037037037,2026-06-10 13:50:39.152668
380,0.032258064516129,2026-06-10 13:50:39.152668
381,0.0967741935483871,2026-06-10 13:50:39.152668
382,0.037037037037037,2026-06-10 13:50:39.152668
383,0.1612903225806451,2026-06-10 13:50:39.152668
384,0.391304347826087,2026-06-10 13:50:39.152668
385,0.0857142857142857,2026-06-10 13:50:39.152668
386,0.074074074074074,2026-06-10 13:50:39.152668
387,0.0666666666666666,2026-06-10 13:50:39.152668
388,0.0526315789473684,2026-06-10 13:50:39.152668
389,0.0,2026-06-10 13:50:39.152668
390,0.0,2026-06-10 13:50:39.152668
391,0.064516129032258,2026-06-10 13:50:39.152668
392,0.2592592592592592,2026-06-10 13:50:39.152668
393,0.0285714285714285,2026-06-10 13:50:39.152668
394,0.217391304347826,2026-06-10 13:50:39.152668
395,0.1304347826086956,2026-06-10 13:50:39.152668
396,0.0,2026-06-10 13:50:39.152668
397,0.0,2026-06-10 13:50:39.152668
398,0.0434782608695652,2026-06-10 13:50:39.152668
399,0.8947368421052632,2026-06-10 13:50:39.152668
400,0.0285714285714285,2026-06-10 13:50:39.152668
401,0.2962962962962963,2026-06-10 13:50:39.152668
402,0.1052631578947368,2026-06-10 13:50:39.152668
403,0.1111111111111111,2026-06-10 13:50:39.152668
404,0.2571428571428571,2026-06-10 13:50:39.152668
405,0.0,2026-06-10 13:50:39.152668
406,0.1052631578947368,2026-06-10 13:50:39.152668
407,0.0,2026-06-10 13:50:39.152668
408,0.0,2026-06-10 13:50:39.152668
409,0.1935483870967742,2026-06-10 13:50:39.152668
410,0.0,2026-06-10 13:50:39.152668
411,0.074074074074074,2026-06-10 13:50:39.152668
412,0.1739130434782608,2026-06-10 13:50:39.152668
413,0.0526315789473684,2026-06-10 13:50:39.152668
414,0.1111111111111111,2026-06-10 13:50:39.152668
415,0.0,2026-06-10 13:50:39.152668
416,0.1052631578947368,2026-06-10 13:50:39.152668
417,0.032258064516129,2026-06-10 13:50:39.152668
418,0.0666666666666666,2026-06-10 13:50:39.152668
419,0.0285714285714285,2026-06-10 13:50:39.152668
420,0.0256410256410256,2026-06-10 13:50:39.152668
421,0.631578947368421,2026-06-10 13:50:39.152668
422,0.0,2026-06-10 13:50:39.152668
423,0.2,2026-06-10 13:50:39.152668
424,0.1481481481481481,2026-06-10 13:50:39.152668
425,0.0,2026-06-10 13:50:39.152668
426,0.1578947368421052,2026-06-10 13:50:39.152668
427,0.0434782608695652,2026-06-10 13:50:39.152668
428,0.0,2026-06-10 13:50:39.152668
429,0.0384615384615384,2026-06-10 13:50:39.152668
430,0.2692307692307692,2026-06-10 13:50:39.152668
431,0.0,2026-06-10 13:50:39.152668
432,0.0,2026-06-10 13:50:39.152668
433,0.0,2026-06-10 13:50:39.152668
434,0.4210526315789473,2026-06-10 13:50:39.152668
435,0.0,2026-06-10 13:50:39.152668
436,0.4210526315789473,2026-06-10 13:50:39.152668
437,0.0,2026-06-10 13:50:39.152668
438,0.391304347826087,2026-06-10 13:50:39.152668
439,0.0571428571428571,2026-06-10 13:50:39.152668
440,0.4782608695652174,2026-06-10 13:50:39.152668
441,0.3043478260869565,2026-06-10 13:50:39.152668
442,0.1578947368421052,2026-06-10 13:50:39.152668
443,0.0,2026-06-10 13:50:39.152668
444,0.0526315789473684,2026-06-10 13:50:39.152668
445,0.1935483870967742,2026-06-10 13:50:39.152668
446,0.4,2026-06-10 13:50:39.152668
447,0.037037037037037,2026-06-10 13:50:39.152668
448,0.032258064516129,2026-06-10 13:50:39.152668
449,0.037037037037037,2026-06-10 13:50:39.152668
450,0.1739130434782608,2026-06-10 13:50:39.152668
451,0.8,2026-06-10 13:50:39.152668
452,0.1142857142857142,2026-06-10 13:50:39.152668
453,0.0,2026-06-10 13:50:39.152668
454,0.0,2026-06-10 13:50:39.152668
455,0.217391304347826,2026-06-10 13:50:39.152668
456,0.0,2026-06-10 13:50:39.152668
457,0.0,2026-06-10 13:50:39.152668
458,0.2,2026-06-10 13:50:39.152668
459,0.1304347826086956,2026-06-10 13:50:39.152668
460,0.0,2026-06-10 13:50:39.152668
461,0.6774193548387096,2026-06-10 13:50:39.152668
462,0.037037037037037,2026-06-10 13:50:39.152668
463,0.0869565217391304,2026-06-10 13:50:39.152668
464,0.0,2026-06-10 13:50:39.152668
465,0.7368421052631579,2026-06-10 13:50:39.152668
466,0.0,2026-06-10 13:50:39.152668
467,0.0434782608695652,2026-06-10 13:50:39.152668
468,0.0967741935483871,2026-06-10 13:50:39.152668
469,0.0,2026-06-10 13:50:39.152668
470,0.0,2026-06-10 13:50:39.152668
471,0.0,2026-06-10 13:50:39.152668
472,0.0952380952380952,2026-06-10 13:50:39.152668
473,0.0285714285714285,2026-06-10 13:50:39.152668
474,0.1052631578947368,2026-06-10 13:50:39.152668
475,0.0,2026-06-10 13:50:39.152668
476,0.1481481481481481,2026-06-10 13:50:39.152668
477,0.027027027027027,2026-06-10 13:50:39.152668
478,0.0,2026-06-10 13:50:39.152668
479,0.0196078431372549,2026-06-10 13:50:39.152668
480,0.0,2026-06-10 13:50:39.152668
481,0.1052631578947368,2026-06-10 13:50:39.152668
482,0.1111111111111111,2026-06-10 13:50:39.152668
483,0.0967741935483871,2026-06-10 13:50:39.152668
484,0.1282051282051282,2026-06-10 13:50:39.152668
485,0.5789473684210527,2026-06-10 13:50:39.152668
486,0.037037037037037,2026-06-10 13:50:39.152668
487,0.1304347826086956,2026-06-10 13:50:39.152668
488,0.0,2026-06-10 13:50:39.152668
489,0.1739130434782608,2026-06-10 13:50:39.152668
490,0.2903225806451613,2026-06-10 13:50:39.152668
491,0.1739130434782608,2026-06-10 13:50:39.152668
492,0.2258064516129032,2026-06-10 13:50:39.152668
493,0.0,2026-06-10 13:50:39.152668
494,0.0,2026-06-10 13:50:39.152668
495,0.4347826086956521,2026-06-10 13:50:39.152668
496,0.0,2026-06-10 13:50:39.152668
497,0.0285714285714285,2026-06-10 13:50:39.152668
498,0.3043478260869565,2026-06-10 13:50:39.152668
499,0.5652173913043478,2026-06-10 13:50:39.152668
500,0.3478260869565217,2026-06-10 13:50:39.152668
501,0.2258064516129032,2026-06-10 13:50:39.152668
502,0.2592592592592592,2026-06-10 13:50:39.152668
503,0.0,2026-06-10 13:50:39.152668
504,0.2592592592592592,2026-06-10 13:50:39.152668
505,0.0869565217391304,2026-06-10 13:50:39.152668
506,0.2051282051282051,2026-06-10 13:50:39.152668
507,0.0,2026-06-10 13:50:39.152668
508,0.0,2026-06-10 13:50:39.152668
509,0.0,2026-06-10 13:50:39.152668
510,0.0434782608695652,2026-06-10 13:50:39.152668
511,0.032258064516129,2026-06-10 13:50:39.152668
512,0.0526315789473684,2026-06-10 13:50:39.152668
513,0.0303030303030303,2026-06-10 13:50:39.152668
514,0.0,2026-06-10 13:50:39.152668
515,0.064516129032258,2026-06-10 13:50:39.152668
516,0.0571428571428571,2026-06-10 13:50:39.152668
517,0.2962962962962963,2026-06-10 13:50:39.152668
518,0.0869565217391304,2026-06-10 13:50:39.152668
519,0.0434782608695652,2026-06-10 13:50:39.152668
520,0.0434782608695652,2026-06-10 13:50:39.152668
521,0.3478260869565217,2026-06-10 13:50:39.152668
522,0.0,2026-06-10 13:50:39.152668
523,0.0869565217391304,2026-06-10 13:50:39.152668
524,0.0,2026-06-10 13:50:39.152668
525,0.0,2026-06-10 13:50:39.152668
526,0.2580645161290322,2026-06-10 13:50:39.152668
527,0.032258064516129,2026-06-10 13:50:39.152668
528,0.032258064516129,2026-06-10 13:50:39.152668
529,0.0,2026-06-10 13:50:39.152668
530,0.0,2026-06-10 13:50:39.152668
531,0.037037037037037,2026-06-10 13:50:39.152668
532,0.0,2026-06-10 13:50:39.152668
533,0.0,2026-06-10 13:50:39.152668
534,0.037037037037037,2026-06-10 13:50:39.152668
535,0.0434782608695652,2026-06-10 13:50:39.152668
536,0.0,2026-06-10 13:50:39.152668
537,0.2592592592592592,2026-06-10 13:50:39.152668
538,0.0,2026-06-10 13:50:39.152668
539,0.0,2026-06-10 13:50:39.152668
540,0.037037037037037,2026-06-10 13:50:39.152668
541,0.0869565217391304,2026-06-10 13:50:39.152668
542,0.0,2026-06-10 13:50:39.152668
543,0.0869565217391304,2026-06-10 13:50:39.152668
544,0.0869565217391304,2026-06-10 13:50:39.152668
545,0.0,2026-06-10 13:50:39.152668
546,0.0,2026-06-10 13:50:39.152668
547,0.1481481481481481,2026-06-10 13:50:39.152668
548,0.3043478260869565,2026-06-10 13:50:39.152668
549,0.0434782608695652,2026-06-10 13:50:39.152668
550,0.1111111111111111,2026-06-10 13:50:39.152668
551,0.0512820512820512,2026-06-10 13:50:39.152668
552,0.7037037037037037,2026-06-10 13:50:39.152668
553,0.0869565217391304,2026-06-10 13:50:39.152668
554,0.064516129032258,2026-06-10 13:50:39.152668
555,0.0,2026-06-10 13:50:39.152668
556,0.0,2026-06-10 13:50:39.152668
557,0.2608695652173913,2026-06-10 13:50:39.152668
558,0.6363636363636364,2026-06-10 13:50:39.152668
559,0.3333333333333333,2026-06-10 13:50:39.152668
560,0.0,2026-06-10 13:50:39.152668
561,0.4736842105263157,2026-06-10 13:50:39.152668
562,0.0,2026-06-10 13:50:39.152668
563,0.0,2026-06-10 13:50:39.152668
564,0.4,2026-06-10 13:50:39.152668
565,0.1851851851851851,2026-06-10 13:50:39.152668
566,0.6129032258064516,2026-06-10 13:50:39.152668
567,0.2631578947368421,2026-06-10 13:50:39.152668
568,0.0689655172413793,2026-06-10 13:50:39.152668
569,0.1290322580645161,2026-06-10 13:50:39.152668
570,0.3333333333333333,2026-06-10 13:50:39.152668
571,0.037037037037037,2026-06-10 13:50:39.152668
572,0.0,2026-06-10 13:50:39.152668
573,0.0434782608695652,2026-06-10 13:50:39.152668
574,0.0869565217391304,2026-06-10 13:50:39.152668
575,0.0869565217391304,2026-06-10 13:50:39.152668
576,0.0,2026-06-10 13:50:39.152668
577,0.0,2026-06-10 13:50:39.152668
578,0.0285714285714285,2026-06-10 13:50:39.152668
579,0.064516129032258,2026-06-10 13:50:39.152668
580,0.032258064516129,2026-06-10 13:50:39.152668
581,0.1851851851851851,2026-06-10 13:50:39.152668
582,0.0869565217391304,2026-06-10 13:50:39.152668
583,0.037037037037037,2026-06-10 13:50:39.152668
584,0.1739130434782608,2026-06-10 13:50:39.152668
585,0.2258064516129032,2026-06-10 13:50:39.152668
586,0.1612903225806451,2026-06-10 13:50:39.152668
587,0.3043478260869565,2026-06-10 13:50:39.152668
588,0.0,2026-06-10 13:50:39.152668
589,0.3157894736842105,2026-06-10 13:50:39.152668
590,0.037037037037037,2026-06-10 13:50:39.152668
591,0.1111111111111111,2026-06-10 13:50:39.152668
592,0.0434782608695652,2026-06-10 13:50:39.152668
593,0.1935483870967742,2026-06-10 13:50:39.152668
594,0.037037037037037,2026-06-10 13:50:39.152668
595,0.0869565217391304,2026-06-10 13:50:39.152668
596,0.0,2026-06-10 13:50:39.152668
597,0.1851851851851851,2026-06-10 13:50:39.152668
598,0.0,2026-06-10 13:50:39.152668
599,0.0434782608695652,2026-06-10 13:50:39.152668
600,0.0,2026-06-10 13:50:39.152668
601,0.0,2026-06-10 13:50:39.152668
602,0.0,2026-06-10 13:50:39.152668
603,0.1481481481481481,2026-06-10 13:50:39.152668
604,0.1052631578947368,2026-06-10 13:50:39.152668
605,0.1851851851851851,2026-06-10 13:50:39.152668
606,0.0,2026-06-10 13:50:39.152668
607,0.0,2026-06-10 13:50:39.152668
608,0.064516129032258,2026-06-10 13:50:39.152668
609,0.5555555555555556,2026-06-10 13:50:39.152668
610,0.0526315789473684,2026-06-10 13:50:39.152668
611,0.0434782608695652,2026-06-10 13:50:39.152668
613,0.0434782608695652,2026-06-10 13:50:39.152668
614,0.1739130434782608,2026-06-10 13:50:39.152668
615,0.0,2026-06-10 13:50:39.152668
616,0.3043478260869565,2026-06-10 13:50:39.152668
617,0.2,2026-06-10 13:50:39.152668
618,0.2258064516129032,2026-06-10 13:50:39.152668
619,0.1739130434782608,2026-06-10 13:50:39.152668
620,0.5555555555555556,2026-06-10 13:50:39.152668
621,0.0,2026-06-10 13:50:39.152668
622,0.0,2026-06-10 13:50:39.152668
623,0.1290322580645161,2026-06-10 13:50:39.152668
624,0.3703703703703703,2026-06-10 13:50:39.152668
625,0.1935483870967742,2026-06-10 13:50:39.152668
626,0.217391304347826,2026-06-10 13:50:39.152668
628,0.064516129032258,2026-06-10 13:50:39.152668
629,0.0384615384615384,2026-06-10 13:50:39.152668
630,0.2222222222222222,2026-06-10 13:50:39.152668
631,0.074074074074074,2026-06-10 13:50:39.152668
632,0.1851851851851851,2026-06-10 13:50:39.152668
633,0.0,2026-06-10 13:50:39.152668
634,0.0277777777777777,2026-06-10 13:50:39.152668
635,0.0285714285714285,2026-06-10 13:50:39.152668
636,0.2105263157894736,2026-06-10 13:50:39.152668
637,0.2222222222222222,2026-06-10 13:50:39.152668
638,0.0,2026-06-10 13:50:39.152668
639,0.0,2026-06-10 13:50:39.152668
640,0.4782608695652174,2026-06-10 13:50:39.152668
641,0.037037037037037,2026-06-10 13:50:39.152668
642,0.0869565217391304,2026-06-10 13:50:39.152668
643,0.0196078431372549,2026-06-10 13:50:39.152668
644,0.4666666666666667,2026-06-10 13:50:39.152668
645,0.0,2026-06-10 13:50:39.152668
646,0.0,2026-06-10 13:50:39.152668
647,0.0,2026-06-10 13:50:39.152668
648,0.2666666666666666,2026-06-10 13:50:39.152668
649,0.0,2026-06-10 13:50:39.152668
650,0.0,2026-06-10 13:50:39.152668
651,0.037037037037037,2026-06-10 13:50:39.152668
652,0.037037037037037,2026-06-10 13:50:39.152668
653,0.037037037037037,2026-06-10 13:50:39.152668
654,0.0,2026-06-10 13:50:39.152668
655,0.2592592592592592,2026-06-10 13:50:39.152668
656,0.0256410256410256,2026-06-10 13:50:39.152668
657,0.7096774193548387,2026-06-10 13:50:39.152668
658,0.1111111111111111,2026-06-10 13:50:39.152668
659,0.0,2026-06-10 13:50:39.152668
660,0.037037037037037,2026-06-10 13:50:39.152668
662,0.0434782608695652,2026-06-10 13:50:39.152668
663,0.2608695652173913,2026-06-10 13:50:39.152668
664,0.037037037037037,2026-06-10 13:50:39.152668
665,0.037037037037037,2026-06-10 13:50:39.152668
666,0.1052631578947368,2026-06-10 13:50:39.152668
667,0.064516129032258,2026-06-10 13:50:39.152668
668,0.0,2026-06-10 13:50:39.152668
669,0.4074074074074074,2026-06-10 13:50:39.152668
670,0.3157894736842105,2026-06-10 13:50:39.152668
671,0.037037037037037,2026-06-10 13:50:39.152668
672,0.0526315789473684,2026-06-10 13:50:39.152668
673,0.1578947368421052,2026-06-10 13:50:39.152668
674,0.2105263157894736,2026-06-10 13:50:39.152668
678,0.1428571428571428,2026-06-10 13:50:39.152668
681,0.3043478260869565,2026-06-10 13:50:39.152668
682,0.1304347826086956,2026-06-10 13:50:39.152668
683,0.0,2026-06-10 13:50:39.152668
684,0.0526315789473684,2026-06-10 13:50:39.152668
685,0.037037037037037,2026-06-10 13:50:39.152668
686,0.0857142857142857,2026-06-10 13:50:39.152668
694,0.0526315789473684,2026-06-10 13:50:39.152668
695,0.2,2026-06-10 13:50:39.152668
697,0.1111111111111111,2026-06-10 13:50:39.152668
698,0.217391304347826,2026-06-10 13:50:39.152668
699,0.2105263157894736,2026-06-10 13:50:39.152668
700,0.0,2026-06-10 13:50:39.152668
702,0.1304347826086956,2026-06-10 13:50:39.152668
1,0.20512820512820512,2026-06-10 13:51:56.572548
5,0.0,2026-06-10 13:51:56.572548
6,0.0,2026-06-10 13:51:56.572548
8,0.12903225806451613,2026-06-10 13:51:56.572548
9,0.43478260869565216,2026-06-10 13:51:56.572548
10,0.08695652173913043,2026-06-10 13:51:56.572548
11,0.1111111111111111,2026-06-10 13:51:56.572548
12,0.07407407407407407,2026-06-10 13:51:56.572548
14,0.0,2026-06-10 13:51:56.572548
15,0.34782608695652173,2026-06-10 13:51:56.572548
16,0.0,2026-06-10 13:51:56.572548
17,0.0,2026-06-10 13:51:56.572548
18,0.08571428571428572,2026-06-10 13:51:56.572548
19,0.05263157894736842,2026-06-10 13:51:56.572548
20,0.058823529411764705,2026-06-10 13:51:56.572548
21,0.0,2026-06-10 13:51:56.572548
22,0.0,2026-06-10 13:51:56.572548
23,0.02857142857142857,2026-06-10 13:51:56.572548
24,0.02857142857142857,2026-06-10 13:51:56.572548
25,0.0,2026-06-10 13:51:56.572548
26,0.15789473684210525,2026-06-10 13:51:56.572548
27,0.23809523809523808,2026-06-10 13:51:56.572548
28,0.6363636363636364,2026-06-10 13:51:56.572548
29,0.0967741935483871,2026-06-10 13:51:56.572548
30,0.05263157894736842,2026-06-10 13:51:56.572548
31,0.0,2026-06-10 13:51:56.572548
32,0.21052631578947367,2026-06-10 13:51:56.572548
33,0.18518518518518517,2026-06-10 13:51:56.572548
34,0.0,2026-06-10 13:51:56.572548
35,0.06451612903225806,2026-06-10 13:51:56.572548
36,0.21052631578947367,2026-06-10 13:51:56.572548
37,0.0,2026-06-10 13:51:56.572548
38,0.043478260869565216,2026-06-10 13:51:56.572548
39,0.05263157894736842,2026-06-10 13:51:56.572548
40,0.0,2026-06-10 13:51:56.572548
41,0.0,2026-06-10 13:51:56.572548
42,0.15789473684210525,2026-06-10 13:51:56.572548
43,0.15789473684210525,2026-06-10 13:51:56.572548
44,0.0,2026-06-10 13:51:56.572548
45,0.2692307692307692,2026-06-10 13:51:56.572548
46,0.0,2026-06-10 13:51:56.572548
47,0.08695652173913043,2026-06-10 13:51:56.572548
48,0.0,2026-06-10 13:51:56.572548
49,0.01694915254237288,2026-06-10 13:51:56.572548
50,0.0,2026-06-10 13:51:56.572548
51,0.0,2026-06-10 13:51:56.572548
52,0.2,2026-06-10 13:51:56.572548
53,0.0,2026-06-10 13:51:56.572548
55,0.0,2026-06-10 13:51:56.572548
56,0.0,2026-06-10 13:51:56.572548
57,0.0,2026-06-10 13:51:56.572548
58,0.0,2026-06-10 13:51:56.572548
59,0.0,2026-06-10 13:51:56.572548
60,0.0,2026-06-10 13:51:56.572548
61,0.02857142857142857,2026-06-10 13:51:56.572548
62,0.0,2026-06-10 13:51:56.572548
63,0.0,2026-06-10 13:51:56.572548
64,0.03225806451612903,2026-06-10 13:51:56.572548
65,0.12903225806451613,2026-06-10 13:51:56.572548
66,0.0,2026-06-10 13:51:56.572548
67,0.08695652173913043,2026-06-10 13:51:56.572548
68,0.08695652173913043,2026-06-10 13:51:56.572548
69,0.3142857142857143,2026-06-10 13:51:56.572548
70,0.0,2026-06-10 13:51:56.572548
71,0.37142857142857144,2026-06-10 13:51:56.572548
72,0.0,2026-06-10 13:51:56.572548
73,0.0,2026-06-10 13:51:56.572548
74,0.06666666666666667,2026-06-10 13:51:56.572548
75,0.0,2026-06-10 13:51:56.572548
76,0.037037037037037035,2026-06-10 13:51:56.572548
77,0.0,2026-06-10 13:51:56.572548
78,0.13043478260869565,2026-06-10 13:51:56.572548
79,0.05714285714285714,2026-06-10 13:51:56.572548
80,0.4782608695652174,2026-06-10 13:51:56.572548
81,0.10526315789473684,2026-06-10 13:51:56.572548
82,0.14814814814814814,2026-06-10 13:51:56.572548
83,0.2857142857142857,2026-06-10 13:51:56.572548
84,0.02857142857142857,2026-06-10 13:51:56.572548
85,0.0,2026-06-10 13:51:56.572548
86,0.0,2026-06-10 13:51:56.572548
87,0.03225806451612903,2026-06-10 13:51:56.572548
88,0.5652173913043478,2026-06-10 13:51:56.572548
89,0.0,2026-06-10 13:51:56.572548
90,0.07407407407407407,2026-06-10 13:51:56.572548
91,0.21739130434782608,2026-06-10 13:51:56.572548
92,0.13333333333333333,2026-06-10 13:51:56.572548
93,0.23076923076923078,2026-06-10 13:51:56.572548
94,0.4444444444444444,2026-06-10 13:51:56.572548
95,0.025,2026-06-10 13:51:56.572548
96,0.23076923076923078,2026-06-10 13:51:56.572548
97,0.0,2026-06-10 13:51:56.572548
98,0.02857142857142857,2026-06-10 13:51:56.572548
99,0.08695652173913043,2026-06-10 13:51:56.572548
100,0.0,2026-06-10 13:51:56.572548
101,0.06666666666666667,2026-06-10 13:51:56.572548
102,0.4444444444444444,2026-06-10 13:51:56.572548
103,0.18518518518518517,2026-06-10 13:51:56.572548
104,0.05084745762711865,2026-06-10 13:51:56.572548
105,0.03225806451612903,2026-06-10 13:51:56.572548
106,0.05714285714285714,2026-06-10 13:51:56.572548
107,0.05714285714285714,2026-06-10 13:51:56.572548
108,0.5714285714285714,2026-06-10 13:51:56.572548
109,0.7894736842105263,2026-06-10 13:51:56.572548
110,0.08695652173913043,2026-06-10 13:51:56.572548
111,0.21052631578947367,2026-06-10 13:51:56.572548
112,0.13333333333333333,2026-06-10 13:51:56.572548
113,0.0,2026-06-10 13:51:56.572548
114,0.4838709677419355,2026-06-10 13:51:56.572548
115,0.06666666666666667,2026-06-10 13:51:56.572548
116,0.0,2026-06-10 13:51:56.572548
117,0.0,2026-06-10 13:51:56.572548
118,0.047619047619047616,2026-06-10 13:51:56.572548
119,0.0967741935483871,2026-06-10 13:51:56.572548
120,0.6296296296296297,2026-06-10 13:51:56.572548
121,0.13043478260869565,2026-06-10 13:51:56.572548
122,0.0,2026-06-10 13:51:56.572548
123,0.34782608695652173,2026-06-10 13:51:56.572548
124,0.18604651162790697,2026-06-10 13:51:56.572548
125,0.0,2026-06-10 13:51:56.572548
126,0.0,2026-06-10 13:51:56.572548
127,0.0,2026-06-10 13:51:56.572548
128,0.0,2026-06-10 13:51:56.572548
129,0.11428571428571428,2026-06-10 13:51:56.572548
130,0.0,2026-06-10 13:51:56.572548
131,0.6521739130434783,2026-06-10 13:51:56.572548
132,0.03225806451612903,2026-06-10 13:51:56.572548
133,0.037037037037037035,2026-06-10 13:51:56.572548
134,0.014285714285714285,2026-06-10 13:51:56.572548
135,0.12195121951219512,2026-06-10 13:51:56.572548
136,0.0,2026-06-10 13:51:56.572548
137,0.0,2026-06-10 13:51:56.572548
138,0.0,2026-06-10 13:51:56.572548
139,0.07407407407407407,2026-06-10 13:51:56.572548
140,0.0,2026-06-10 13:51:56.572548
141,0.0,2026-06-10 13:51:56.572548
142,0.17391304347826086,2026-06-10 13:51:56.572548
143,0.1111111111111111,2026-06-10 13:51:56.572548
144,0.21739130434782608,2026-06-10 13:51:56.572548
145,0.12903225806451613,2026-06-10 13:51:56.572548
146,0.13793103448275862,2026-06-10 13:51:56.572548
147,0.7368421052631579,2026-06-10 13:51:56.572548
148,0.9259259259259259,2026-06-10 13:51:56.572548
149,0.07407407407407407,2026-06-10 13:51:56.572548
150,0.6956521739130435,2026-06-10 13:51:56.572548
151,0.4444444444444444,2026-06-10 13:51:56.572548
152,0.0,2026-06-10 13:51:56.572548
153,0.7391304347826086,2026-06-10 13:51:56.572548
154,0.9629629629629629,2026-06-10 13:51:56.572548
155,0.18518518518518517,2026-06-10 13:51:56.572548
156,0.22857142857142856,2026-06-10 13:51:56.572548
157,0.05263157894736842,2026-06-10 13:51:56.572548
158,0.8260869565217391,2026-06-10 13:51:56.572548
159,0.7407407407407407,2026-06-10 13:51:56.572548
160,0.8,2026-06-10 13:51:56.572548
161,0.9629629629629629,2026-06-10 13:51:56.572548
162,0.34782608695652173,2026-06-10 13:51:56.572548
163,0.6521739130434783,2026-06-10 13:51:56.572548
164,0.10204081632653061,2026-06-10 13:51:56.572548
165,0.43478260869565216,2026-06-10 13:51:56.572548
166,0.9354838709677419,2026-06-10 13:51:56.572548
167,0.6,2026-06-10 13:51:56.572548
168,0.0,2026-06-10 13:51:56.572548
169,0.06451612903225806,2026-06-10 13:51:56.572548
170,0.13043478260869565,2026-06-10 13:51:56.572548
171,0.0,2026-06-10 13:51:56.572548
172,0.0,2026-06-10 13:51:56.572548
173,0.2857142857142857,2026-06-10 13:51:56.572548
174,0.42105263157894735,2026-06-10 13:51:56.572548
175,0.06451612903225806,2026-06-10 13:51:56.572548
176,0.4117647058823529,2026-06-10 13:51:56.572548
177,0.08695652173913043,2026-06-10 13:51:56.572548
178,0.037037037037037035,2026-06-10 13:51:56.572548
179,0.03225806451612903,2026-06-10 13:51:56.572548
180,0.4857142857142857,2026-06-10 13:51:56.572548
181,0.0,2026-06-10 13:51:56.572548
182,0.05263157894736842,2026-06-10 13:51:56.572548
183,0.42105263157894735,2026-06-10 13:51:56.572548
184,0.6666666666666666,2026-06-10 13:51:56.572548
185,0.0,2026-06-10 13:51:56.572548
186,0.14814814814814814,2026-06-10 13:51:56.572548
187,0.043478260869565216,2026-06-10 13:51:56.572548
188,0.047619047619047616,2026-06-10 13:51:56.572548
189,0.2631578947368421,2026-06-10 13:51:56.572548
190,0.043478260869565216,2026-06-10 13:51:56.572548
191,0.6842105263157895,2026-06-10 13:51:56.572548
192,0.13043478260869565,2026-06-10 13:51:56.572548
193,0.11764705882352941,2026-06-10 13:51:56.572548
194,0.0,2026-06-10 13:51:56.572548
195,0.07407407407407407,2026-06-10 13:51:56.572548
196,0.2222222222222222,2026-06-10 13:51:56.572548
197,0.043478260869565216,2026-06-10 13:51:56.572548
198,0.2962962962962963,2026-06-10 13:51:56.572548
199,0.02857142857142857,2026-06-10 13:51:56.572548
200,0.2962962962962963,2026-06-10 13:51:56.572548
201,0.16129032258064516,2026-06-10 13:51:56.572548
202,0.5333333333333333,2026-06-10 13:51:56.572548
203,0.4074074074074074,2026-06-10 13:51:56.572548
204,0.9629629629629629,2026-06-10 13:51:56.572548
205,0.2,2026-06-10 13:51:56.572548
206,0.4074074074074074,2026-06-10 13:51:56.572548
207,0.6451612903225806,2026-06-10 13:51:56.572548
208,0.0,2026-06-10 13:51:56.572548
209,0.0,2026-06-10 13:51:56.572548
210,0.0,2026-06-10 13:51:56.572548
211,0.0,2026-06-10 13:51:56.572548
212,0.0,2026-06-10 13:51:56.572548
213,0.15789473684210525,2026-06-10 13:51:56.572548
214,0.2,2026-06-10 13:51:56.572548
215,0.0,2026-06-10 13:51:56.572548
216,0.0,2026-06-10 13:51:56.572548
217,0.043478260869565216,2026-06-10 13:51:56.572548
218,0.21052631578947367,2026-06-10 13:51:56.572548
219,0.07407407407407407,2026-06-10 13:51:56.572548
220,0.08695652173913043,2026-06-10 13:51:56.572548
221,0.0,2026-06-10 13:51:56.572548
222,0.0,2026-06-10 13:51:56.572548
223,0.0,2026-06-10 13:51:56.572548
224,0.8,2026-06-10 13:51:56.572548
225,0.0,2026-06-10 13:51:56.572548
226,0.0,2026-06-10 13:51:56.572548
227,0.30434782608695654,2026-06-10 13:51:56.572548
228,0.0,2026-06-10 13:51:56.572548
229,0.0,2026-06-10 13:51:56.572548
230,0.8,2026-06-10 13:51:56.572548
231,0.0,2026-06-10 13:51:56.572548
232,0.03225806451612903,2026-06-10 13:51:56.572548
233,0.42105263157894735,2026-06-10 13:51:56.572548
234,0.0,2026-06-10 13:51:56.572548
235,0.4074074074074074,2026-06-10 13:51:56.572548
236,0.42424242424242425,2026-06-10 13:51:56.572548
237,0.043478260869565216,2026-06-10 13:51:56.572548
238,0.034482758620689655,2026-06-10 13:51:56.572548
239,0.43478260869565216,2026-06-10 13:51:56.572548
240,0.037037037037037035,2026-06-10 13:51:56.572548
241,0.0,2026-06-10 13:51:56.572548
242,0.02857142857142857,2026-06-10 13:51:56.572548
243,0.0,2026-06-10 13:51:56.572548
244,0.30434782608695654,2026-06-10 13:51:56.572548
245,0.08571428571428572,2026-06-10 13:51:56.572548
246,0.0,2026-06-10 13:51:56.572548
247,0.15873015873015872,2026-06-10 13:51:56.572548
249,0.08571428571428572,2026-06-10 13:51:56.572548
250,0.18181818181818182,2026-06-10 13:51:56.572548
251,0.6774193548387096,2026-06-10 13:51:56.572548
252,0.8727272727272727,2026-06-10 13:51:56.572548
253,0.2727272727272727,2026-06-10 13:51:56.572548
254,0.13043478260869565,2026-06-10 13:51:56.572548
255,0.22857142857142856,2026-06-10 13:51:56.572548
256,0.5789473684210527,2026-06-10 13:51:56.572548
257,0.2903225806451613,2026-06-10 13:51:56.572548
258,0.02857142857142857,2026-06-10 13:51:56.572548
259,0.28,2026-06-10 13:51:56.572548
260,0.0,2026-06-10 13:51:56.572548
261,0.08695652173913043,2026-06-10 13:51:56.572548
262,0.0,2026-06-10 13:51:56.572548
263,0.1111111111111111,2026-06-10 13:51:56.572548
264,0.0,2026-06-10 13:51:56.572548
265,0.0,2026-06-10 13:51:56.572548
266,0.0,2026-06-10 13:51:56.572548
267,0.6153846153846154,2026-06-10 13:51:56.572548
268,0.0,2026-06-10 13:51:56.572548
269,0.36363636363636365,2026-06-10 13:51:56.572548
270,0.0,2026-06-10 13:51:56.572548
271,0.06451612903225806,2026-06-10 13:51:56.572548
272,0.5217391304347826,2026-06-10 13:51:56.572548
273,0.0,2026-06-10 13:51:56.572548
275,0.42105263157894735,2026-06-10 13:51:56.572548
276,0.22857142857142856,2026-06-10 13:51:56.572548
277,0.0,2026-06-10 13:51:56.572548
278,0.4,2026-06-10 13:51:56.572548
279,0.16279069767441862,2026-06-10 13:51:56.572548
280,1.0,2026-06-10 13:51:56.572548
281,0.5333333333333333,2026-06-10 13:51:56.572548
282,0.16129032258064516,2026-06-10 13:51:56.572548
283,0.7391304347826086,2026-06-10 13:51:56.572548
284,0.7741935483870968,2026-06-10 13:51:56.572548
285,0.4666666666666667,2026-06-10 13:51:56.572548
286,0.9130434782608695,2026-06-10 13:51:56.572548
287,0.9473684210526315,2026-06-10 13:51:56.572548
288,0.7647058823529411,2026-06-10 13:51:56.572548
289,0.4827586206896552,2026-06-10 13:51:56.572548
290,0.030303030303030304,2026-06-10 13:51:56.572548
291,0.13333333333333333,2026-06-10 13:51:56.572548
292,0.0,2026-06-10 13:51:56.572548
293,0.06451612903225806,2026-06-10 13:51:56.572548
294,0.25,2026-06-10 13:51:56.572548
295,0.05128205128205128,2026-06-10 13:51:56.572548
296,0.22857142857142856,2026-06-10 13:51:56.572548
297,0.48148148148148145,2026-06-10 13:51:56.572548
298,0.05714285714285714,2026-06-10 13:51:56.572548
299,0.0,2026-06-10 13:51:56.572548
300,0.9032258064516129,2026-06-10 13:51:56.572548
301,0.6521739130434783,2026-06-10 13:51:56.572548
302,0.0,2026-06-10 13:51:56.572548
303,0.37037037037037035,2026-06-10 13:51:56.572548
304,0.5161290322580645,2026-06-10 13:51:56.572548
305,0.0,2026-06-10 13:51:56.572548
306,0.6086956521739131,2026-06-10 13:51:56.572548
307,0.717948717948718,2026-06-10 13:51:56.572548
309,0.2962962962962963,2026-06-10 13:51:56.572548
311,0.10526315789473684,2026-06-10 13:51:56.572548
312,0.43478260869565216,2026-06-10 13:51:56.572548
313,0.0,2026-06-10 13:51:56.572548
314,0.631578947368421,2026-06-10 13:51:56.572548
315,0.08,2026-06-10 13:51:56.572548
316,0.4,2026-06-10 13:51:56.572548
317,0.037037037037037035,2026-06-10 13:51:56.572548
318,0.0,2026-06-10 13:51:56.572548
319,0.6956521739130435,2026-06-10 13:51:56.572548
320,0.0,2026-06-10 13:51:56.572548
321,0.6666666666666666,2026-06-10 13:51:56.572548
322,0.9393939393939394,2026-06-10 13:51:56.572548
323,0.11764705882352941,2026-06-10 13:51:56.572548
324,0.6571428571428571,2026-06-10 13:51:56.572548
325,0.09090909090909091,2026-06-10 13:51:56.572548
326,0.6129032258064516,2026-06-10 13:51:56.572548
327,0.037037037037037035,2026-06-10 13:51:56.572548
328,0.18518518518518517,2026-06-10 13:51:56.572548
329,0.0967741935483871,2026-06-10 13:51:56.572548
330,0.0,2026-06-10 13:51:56.572548
331,0.5714285714285714,2026-06-10 13:51:56.572548
332,0.02857142857142857,2026-06-10 13:51:56.572548
333,0.4074074074074074,2026-06-10 13:51:56.572548
334,0.043478260869565216,2026-06-10 13:51:56.572548
335,0.3333333333333333,2026-06-10 13:51:56.572548
336,0.043478260869565216,2026-06-10 13:51:56.572548
337,0.13043478260869565,2026-06-10 13:51:56.572548
338,0.05263157894736842,2026-06-10 13:51:56.572548
339,0.0,2026-06-10 13:51:56.572548
340,0.4782608695652174,2026-06-10 13:51:56.572548
341,0.04,2026-06-10 13:51:56.572548
342,0.0,2026-06-10 13:51:56.572548
343,0.8421052631578947,2026-06-10 13:51:56.572548
344,0.0,2026-06-10 13:51:56.572548
345,0.037037037037037035,2026-06-10 13:51:56.572548
346,0.07407407407407407,2026-06-10 13:51:56.572548
347,0.0,2026-06-10 13:51:56.572548
348,0.043478260869565216,2026-06-10 13:51:56.572548
349,0.07407407407407407,2026-06-10 13:51:56.572548
350,0.037037037037037035,2026-06-10 13:51:56.572548
352,0.42105263157894735,2026-06-10 13:51:56.572548
353,0.06666666666666667,2026-06-10 13:51:56.572548
354,0.2631578947368421,2026-06-10 13:51:56.572548
355,0.1794871794871795,2026-06-10 13:51:56.572548
356,0.05263157894736842,2026-06-10 13:51:56.572548
357,0.0,2026-06-10 13:51:56.572548
358,0.13043478260869565,2026-06-10 13:51:56.572548
359,0.7142857142857143,2026-06-10 13:51:56.572548
360,0.0,2026-06-10 13:51:56.572548
361,0.2857142857142857,2026-06-10 13:51:56.572548
362,0.21739130434782608,2026-06-10 13:51:56.572548
363,0.05263157894736842,2026-06-10 13:51:56.572548
364,0.0,2026-06-10 13:51:56.572548
365,0.21739130434782608,2026-06-10 13:51:56.572548
366,0.08695652173913043,2026-06-10 13:51:56.572548
367,0.05714285714285714,2026-06-10 13:51:56.572548
368,0.21052631578947367,2026-06-10 13:51:56.572548
369,0.21052631578947367,2026-06-10 13:51:56.572548
370,0.11428571428571428,2026-06-10 13:51:56.572548
371,0.0,2026-06-10 13:51:56.572548
372,0.6666666666666666,2026-06-10 13:51:56.572548
373,0.08571428571428572,2026-06-10 13:51:56.572548
374,0.11428571428571428,2026-06-10 13:51:56.572548
375,0.02857142857142857,2026-06-10 13:51:56.572548
376,0.05714285714285714,2026-06-10 13:51:56.572548
377,0.391304347826087,2026-06-10 13:51:56.572548
378,0.0,2026-06-10 13:51:56.572548
379,0.037037037037037035,2026-06-10 13:51:56.572548
380,0.03225806451612903,2026-06-10 13:51:56.572548
381,0.12903225806451613,2026-06-10 13:51:56.572548
382,0.037037037037037035,2026-06-10 13:51:56.572548
383,0.12903225806451613,2026-06-10 13:51:56.572548
384,0.391304347826087,2026-06-10 13:51:56.572548
385,0.05714285714285714,2026-06-10 13:51:56.572548
386,0.07407407407407407,2026-06-10 13:51:56.572548
387,0.06666666666666667,2026-06-10 13:51:56.572548
388,0.05263157894736842,2026-06-10 13:51:56.572548
389,0.0,2026-06-10 13:51:56.572548
390,0.0,2026-06-10 13:51:56.572548
391,0.06451612903225806,2026-06-10 13:51:56.572548
392,0.3333333333333333,2026-06-10 13:51:56.572548
393,0.02857142857142857,2026-06-10 13:51:56.572548
394,0.21739130434782608,2026-06-10 13:51:56.572548
395,0.08695652173913043,2026-06-10 13:51:56.572548
396,0.037037037037037035,2026-06-10 13:51:56.572548
397,0.0,2026-06-10 13:51:56.572548
398,0.043478260869565216,2026-06-10 13:51:56.572548
399,0.8947368421052632,2026-06-10 13:51:56.572548
400,0.02857142857142857,2026-06-10 13:51:56.572548
401,0.2962962962962963,2026-06-10 13:51:56.572548
402,0.10526315789473684,2026-06-10 13:51:56.572548
403,0.1111111111111111,2026-06-10 13:51:56.572548
404,0.2857142857142857,2026-06-10 13:51:56.572548
405,0.0,2026-06-10 13:51:56.572548
406,0.10526315789473684,2026-06-10 13:51:56.572548
407,0.0,2026-06-10 13:51:56.572548
408,0.0,2026-06-10 13:51:56.572548
409,0.16129032258064516,2026-06-10 13:51:56.572548
410,0.0,2026-06-10 13:51:56.572548
411,0.07407407407407407,2026-06-10 13:51:56.572548
412,0.13043478260869565,2026-06-10 13:51:56.572548
413,0.05263157894736842,2026-06-10 13:51:56.572548
414,0.1111111111111111,2026-06-10 13:51:56.572548
415,0.0,2026-06-10 13:51:56.572548
416,0.10526315789473684,2026-06-10 13:51:56.572548
417,0.03225806451612903,2026-06-10 13:51:56.572548
418,0.13333333333333333,2026-06-10 13:51:56.572548
419,0.0,2026-06-10 13:51:56.572548
420,0.02564102564102564,2026-06-10 13:51:56.572548
421,0.631578947368421,2026-06-10 13:51:56.572548
422,0.0,2026-06-10 13:51:56.572548
423,0.2,2026-06-10 13:51:56.572548
424,0.14814814814814814,2026-06-10 13:51:56.572548
425,0.02857142857142857,2026-06-10 13:51:56.572548
426,0.15789473684210525,2026-06-10 13:51:56.572548
427,0.043478260869565216,2026-06-10 13:51:56.572548
428,0.0,2026-06-10 13:51:56.572548
429,0.038461538461538464,2026-06-10 13:51:56.572548
430,0.2692307692307692,2026-06-10 13:51:56.572548
431,0.0,2026-06-10 13:51:56.572548
432,0.0,2026-06-10 13:51:56.572548
433,0.06666666666666667,2026-06-10 13:51:56.572548
434,0.42105263157894735,2026-06-10 13:51:56.572548
435,0.0,2026-06-10 13:51:56.572548
436,0.42105263157894735,2026-06-10 13:51:56.572548
437,0.0,2026-06-10 13:51:56.572548
438,0.391304347826087,2026-06-10 13:51:56.572548
439,0.05714285714285714,2026-06-10 13:51:56.572548
440,0.5217391304347826,2026-06-10 13:51:56.572548
441,0.30434782608695654,2026-06-10 13:51:56.572548
442,0.15789473684210525,2026-06-10 13:51:56.572548
443,0.0,2026-06-10 13:51:56.572548
444,0.05263157894736842,2026-06-10 13:51:56.572548
445,0.1935483870967742,2026-06-10 13:51:56.572548
446,0.4,2026-06-10 13:51:56.572548
447,0.037037037037037035,2026-06-10 13:51:56.572548
448,0.03225806451612903,2026-06-10 13:51:56.572548
449,0.037037037037037035,2026-06-10 13:51:56.572548
450,0.17391304347826086,2026-06-10 13:51:56.572548
451,0.8,2026-06-10 13:51:56.572548
452,0.14285714285714285,2026-06-10 13:51:56.572548
453,0.0,2026-06-10 13:51:56.572548
454,0.0,2026-06-10 13:51:56.572548
455,0.21739130434782608,2026-06-10 13:51:56.572548
456,0.0,2026-06-10 13:51:56.572548
457,0.0,2026-06-10 13:51:56.572548
458,0.4666666666666667,2026-06-10 13:51:56.572548
459,0.13043478260869565,2026-06-10 13:51:56.572548
460,0.0,2026-06-10 13:51:56.572548
461,0.6774193548387096,2026-06-10 13:51:56.572548
462,0.037037037037037035,2026-06-10 13:51:56.572548
463,0.043478260869565216,2026-06-10 13:51:56.572548
464,0.0,2026-06-10 13:51:56.572548
465,0.6842105263157895,2026-06-10 13:51:56.572548
466,0.0,2026-06-10 13:51:56.572548
467,0.08695652173913043,2026-06-10 13:51:56.572548
468,0.12903225806451613,2026-06-10 13:51:56.572548
469,0.0,2026-06-10 13:51:56.572548
470,0.0,2026-06-10 13:51:56.572548
471,0.0,2026-06-10 13:51:56.572548
472,0.09523809523809523,2026-06-10 13:51:56.572548
473,0.05714285714285714,2026-06-10 13:51:56.572548
474,0.10526315789473684,2026-06-10 13:51:56.572548
475,0.0,2026-06-10 13:51:56.572548
476,0.14814814814814814,2026-06-10 13:51:56.572548
477,0.02702702702702703,2026-06-10 13:51:56.572548
478,0.0,2026-06-10 13:51:56.572548
479,0.0196078431372549,2026-06-10 13:51:56.572548
480,0.0,2026-06-10 13:51:56.572548
481,0.10526315789473684,2026-06-10 13:51:56.572548
482,0.1111111111111111,2026-06-10 13:51:56.572548
483,0.0967741935483871,2026-06-10 13:51:56.572548
484,0.1282051282051282,2026-06-10 13:51:56.572548
485,0.5789473684210527,2026-06-10 13:51:56.572548
486,0.037037037037037035,2026-06-10 13:51:56.572548
487,0.13043478260869565,2026-06-10 13:51:56.572548
488,0.0,2026-06-10 13:51:56.572548
489,0.17391304347826086,2026-06-10 13:51:56.572548
490,0.2903225806451613,2026-06-10 13:51:56.572548
491,0.17391304347826086,2026-06-10 13:51:56.572548
492,0.22580645161290322,2026-06-10 13:51:56.572548
493,0.0,2026-06-10 13:51:56.572548
494,0.0,2026-06-10 13:51:56.572548
495,0.43478260869565216,2026-06-10 13:51:56.572548
496,0.0,2026-06-10 13:51:56.572548
497,0.02857142857142857,2026-06-10 13:51:56.572548
498,0.30434782608695654,2026-06-10 13:51:56.572548
499,0.5652173913043478,2026-06-10 13:51:56.572548
500,0.34782608695652173,2026-06-10 13:51:56.572548
501,0.22580645161290322,2026-06-10 13:51:56.572548
502,0.25925925925925924,2026-06-10 13:51:56.572548
503,0.0,2026-06-10 13:51:56.572548
504,0.25925925925925924,2026-06-10 13:51:56.572548
505,0.08695652173913043,2026-06-10 13:51:56.572548
506,0.20512820512820512,2026-06-10 13:51:56.572548
507,0.0,2026-06-10 13:51:56.572548
508,0.0,2026-06-10 13:51:56.572548
509,0.0967741935483871,2026-06-10 13:51:56.572548
510,0.043478260869565216,2026-06-10 13:51:56.572548
511,0.03225806451612903,2026-06-10 13:51:56.572548
512,0.05263157894736842,2026-06-10 13:51:56.572548
513,0.030303030303030304,2026-06-10 13:51:56.572548
514,0.0,2026-06-10 13:51:56.572548
515,0.06451612903225806,2026-06-10 13:51:56.572548
516,0.05714285714285714,2026-06-10 13:51:56.572548
517,0.2962962962962963,2026-06-10 13:51:56.572548
518,0.08695652173913043,2026-06-10 13:51:56.572548
519,0.043478260869565216,2026-06-10 13:51:56.572548
520,0.043478260869565216,2026-06-10 13:51:56.572548
521,0.34782608695652173,2026-06-10 13:51:56.572548
522,0.0,2026-06-10 13:51:56.572548
523,0.08695652173913043,2026-06-10 13:51:56.572548
524,0.0,2026-06-10 13:51:56.572548
525,0.0,2026-06-10 13:51:56.572548
526,0.25806451612903225,2026-06-10 13:51:56.572548
527,0.0,2026-06-10 13:51:56.572548
528,0.03225806451612903,2026-06-10 13:51:56.572548
529,0.0,2026-06-10 13:51:56.572548
530,0.0,2026-06-10 13:51:56.572548
531,0.07407407407407407,2026-06-10 13:51:56.572548
532,0.0,2026-06-10 13:51:56.572548
533,0.0,2026-06-10 13:51:56.572548
534,0.037037037037037035,2026-06-10 13:51:56.572548
535,0.043478260869565216,2026-06-10 13:51:56.572548
536,0.0,2026-06-10 13:51:56.572548
537,0.25925925925925924,2026-06-10 13:51:56.572548
538,0.0,2026-06-10 13:51:56.572548
539,0.043478260869565216,2026-06-10 13:51:56.572548
540,0.0,2026-06-10 13:51:56.572548
541,0.08695652173913043,2026-06-10 13:51:56.572548
542,0.0,2026-06-10 13:51:56.572548
543,0.08695652173913043,2026-06-10 13:51:56.572548
544,0.08695652173913043,2026-06-10 13:51:56.572548
545,0.0,2026-06-10 13:51:56.572548
546,0.0,2026-06-10 13:51:56.572548
547,0.14814814814814814,2026-06-10 13:51:56.572548
548,0.34782608695652173,2026-06-10 13:51:56.572548
549,0.0,2026-06-10 13:51:56.572548
550,0.1111111111111111,2026-06-10 13:51:56.572548
551,0.0,2026-06-10 13:51:56.572548
552,0.7037037037037037,2026-06-10 13:51:56.572548
553,0.08695652173913043,2026-06-10 13:51:56.572548
554,0.06451612903225806,2026-06-10 13:51:56.572548
555,0.0,2026-06-10 13:51:56.572548
556,0.0,2026-06-10 13:51:56.572548
557,0.2608695652173913,2026-06-10 13:51:56.572548
558,0.6363636363636364,2026-06-10 13:51:56.572548
559,0.3333333333333333,2026-06-10 13:51:56.572548
560,0.0,2026-06-10 13:51:56.572548
561,0.47368421052631576,2026-06-10 13:51:56.572548
562,0.0,2026-06-10 13:51:56.572548
563,0.0,2026-06-10 13:51:56.572548
564,0.4,2026-06-10 13:51:56.572548
565,0.14814814814814814,2026-06-10 13:51:56.572548
566,0.6129032258064516,2026-06-10 13:51:56.572548
567,0.2631578947368421,2026-06-10 13:51:56.572548
568,0.10344827586206896,2026-06-10 13:51:56.572548
569,0.12903225806451613,2026-06-10 13:51:56.572548
570,0.3333333333333333,2026-06-10 13:51:56.572548
571,0.07407407407407407,2026-06-10 13:51:56.572548
572,0.0,2026-06-10 13:51:56.572548
573,0.043478260869565216,2026-06-10 13:51:56.572548
574,0.08695652173913043,2026-06-10 13:51:56.572548
575,0.08695652173913043,2026-06-10 13:51:56.572548
576,0.0,2026-06-10 13:51:56.572548
577,0.0,2026-06-10 13:51:56.572548
578,0.02857142857142857,2026-06-10 13:51:56.572548
579,0.06451612903225806,2026-06-10 13:51:56.572548
580,0.06451612903225806,2026-06-10 13:51:56.572548
581,0.14814814814814814,2026-06-10 13:51:56.572548
582,0.08695652173913043,2026-06-10 13:51:56.572548
583,0.037037037037037035,2026-06-10 13:51:56.572548
584,0.17391304347826086,2026-06-10 13:51:56.572548
585,0.2903225806451613,2026-06-10 13:51:56.572548
586,0.16129032258064516,2026-06-10 13:51:56.572548
587,0.30434782608695654,2026-06-10 13:51:56.572548
588,0.0,2026-06-10 13:51:56.572548
589,0.3684210526315789,2026-06-10 13:51:56.572548
590,0.037037037037037035,2026-06-10 13:51:56.572548
591,0.1111111111111111,2026-06-10 13:51:56.572548
592,0.043478260869565216,2026-06-10 13:51:56.572548
593,0.1935483870967742,2026-06-10 13:51:56.572548
594,0.037037037037037035,2026-06-10 13:51:56.572548
595,0.08695652173913043,2026-06-10 13:51:56.572548
596,0.0,2026-06-10 13:51:56.572548
597,0.18518518518518517,2026-06-10 13:51:56.572548
598,0.0,2026-06-10 13:51:56.572548
599,0.043478260869565216,2026-06-10 13:51:56.572548
600,0.0,2026-06-10 13:51:56.572548
601,0.0,2026-06-10 13:51:56.572548
602,0.0,2026-06-10 13:51:56.572548
603,0.2222222222222222,2026-06-10 13:51:56.572548
604,0.10526315789473684,2026-06-10 13:51:56.572548
605,0.18518518518518517,2026-06-10 13:51:56.572548
606,0.0,2026-06-10 13:51:56.572548
607,0.0,2026-06-10 13:51:56.572548
608,0.0,2026-06-10 13:51:56.572548
609,0.5555555555555556,2026-06-10 13:51:56.572548
610,0.05263157894736842,2026-06-10 13:51:56.572548
611,0.043478260869565216,2026-06-10 13:51:56.572548
613,0.043478260869565216,2026-06-10 13:51:56.572548
614,0.17391304347826086,2026-06-10 13:51:56.572548
615,0.0,2026-06-10 13:51:56.572548
616,0.30434782608695654,2026-06-10 13:51:56.572548
617,0.24,2026-06-10 13:51:56.572548
618,0.22580645161290322,2026-06-10 13:51:56.572548
619,0.17391304347826086,2026-06-10 13:51:56.572548
620,0.5555555555555556,2026-06-10 13:51:56.572548
621,0.043478260869565216,2026-06-10 13:51:56.572548
622,0.0,2026-06-10 13:51:56.572548
623,0.12903225806451613,2026-06-10 13:51:56.572548
624,0.37037037037037035,2026-06-10 13:51:56.572548
625,0.1935483870967742,2026-06-10 13:51:56.572548
626,0.21739130434782608,2026-06-10 13:51:56.572548
628,0.06451612903225806,2026-06-10 13:51:56.572548
629,0.07692307692307693,2026-06-10 13:51:56.572548
630,0.2222222222222222,2026-06-10 13:51:56.572548
631,0.07407407407407407,2026-06-10 13:51:56.572548
632,0.18518518518518517,2026-06-10 13:51:56.572548
633,0.0,2026-06-10 13:51:56.572548
634,0.027777777777777776,2026-06-10 13:51:56.572548
635,0.02857142857142857,2026-06-10 13:51:56.572548
636,0.21052631578947367,2026-06-10 13:51:56.572548
637,0.2222222222222222,2026-06-10 13:51:56.572548
638,0.0,2026-06-10 13:51:56.572548
639,0.0,2026-06-10 13:51:56.572548
640,0.4782608695652174,2026-06-10 13:51:56.572548
641,0.037037037037037035,2026-06-10 13:51:56.572548
642,0.08695652173913043,2026-06-10 13:51:56.572548
643,0.0,2026-06-10 13:51:56.572548
644,0.4666666666666667,2026-06-10 13:51:56.572548
645,0.0,2026-06-10 13:51:56.572548
646,0.0,2026-06-10 13:51:56.572548
647,0.0,2026-06-10 13:51:56.572548
648,0.26666666666666666,2026-06-10 13:51:56.572548
649,0.0,2026-06-10 13:51:56.572548
650,0.037037037037037035,2026-06-10 13:51:56.572548
651,0.037037037037037035,2026-06-10 13:51:56.572548
652,0.037037037037037035,2026-06-10 13:51:56.572548
653,0.037037037037037035,2026-06-10 13:51:56.572548
654,0.0,2026-06-10 13:51:56.572548
655,0.25925925925925924,2026-06-10 13:51:56.572548
656,0.02564102564102564,2026-06-10 13:51:56.572548
657,0.7096774193548387,2026-06-10 13:51:56.572548
658,0.1111111111111111,2026-06-10 13:51:56.572548
659,0.0,2026-06-10 13:51:56.572548
660,0.037037037037037035,2026-06-10 13:51:56.572548
662,0.043478260869565216,2026-06-10 13:51:56.572548
663,0.2608695652173913,2026-06-10 13:51:56.572548
664,0.037037037037037035,2026-06-10 13:51:56.572548
665,0.037037037037037035,2026-06-10 13:51:56.572548
666,0.10526315789473684,2026-06-10 13:51:56.572548
667,0.06451612903225806,2026-06-10 13:51:56.572548
668,0.0,2026-06-10 13:51:56.572548
669,0.4074074074074074,2026-06-10 13:51:56.572548
670,0.3157894736842105,2026-06-10 13:51:56.572548
671,0.037037037037037035,2026-06-10 13:51:56.572548
672,0.05263157894736842,2026-06-10 13:51:56.572548
673,0.15789473684210525,2026-06-10 13:51:56.572548
674,0.21052631578947367,2026-06-10 13:51:56.572548
678,0.14285714285714285,2026-06-10 13:51:56.572548
681,0.30434782608695654,2026-06-10 13:51:56.572548
682,0.13043478260869565,2026-06-10 13:51:56.572548
683,0.0,2026-06-10 13:51:56.572548
684,0.05263157894736842,2026-06-10 13:51:56.572548
685,0.037037037037037035,2026-06-10 13:51:56.572548
686,0.08571428571428572,2026-06-10 13:51:56.572548
694,0.05263157894736842,2026-06-10 13:51:56.572548
695,0.2,2026-06-10 13:51:56.572548
697,0.1111111111111111,2026-06-10 13:51:56.572548
698,0.21739130434782608,2026-06-10 13:51:56.572548
699,0.21052631578947367,2026-06-10 13:51:56.572548
700,0.0,2026-06-10 13:51:56.572548
702,0.13043478260869565,2026-06-10 13:51:56.572548
